"plateRow","plateColumn","vialNr","dropCode","expType","expReplicate","expName","expDate","expResearcher","expTime","expUnit","expVolumeCounted","RawData","compCASRN","compName","compConcentration","compUnit","compDelivery","compVehicle","elegansStrain","elegansInput","bacterialStrain","bacterialTreatment","bacterialOD600","bacterialConcX","bacterialVolume","bacterialVolUnit","incubationVial","incubationVolume","incubationUnit","incubationMethod","incubationRPM","bubble","incubateTemperature"
NA,NA,1,"a","experiment",3,"CE.LIQ.FLOW.062",2020-11-30,"Sergio Reijnders - Ellis Herder",68,"hour",50,44,"24157-81-1","2,6-diisopropylnaphthalene","4.99","nM","Liquid","controlVehicleA","N2",25,"OP50","heated",0.743,8,300,"ul","1,5 glass vial",1000,"ul","rockroll",35,NA,20
NA,NA,1,"b","experiment",3,"CE.LIQ.FLOW.062",2020-11-30,"Sergio Reijnders - Ellis Herder",68,"hour",50,37,"24157-81-1","2,6-diisopropylnaphthalene","4.99","nM","Liquid","controlVehicleA","N2",25,"OP50","heated",0.743,8,300,"ul","1,5 glass vial",1000,"ul","rockroll",35,NA,20
NA,NA,1,"c","experiment",3,"CE.LIQ.FLOW.062",2020-11-30,"Sergio Reijnders - Ellis Herder",68,"hour",50,45,"24157-81-1","2,6-diisopropylnaphthalene","4.99","nM","Liquid","controlVehicleA","N2",25,"OP50","heated",0.743,8,300,"ul","1,5 glass vial",1000,"ul","rockroll",35,NA,20
NA,NA,1,"d","experiment",3,"CE.LIQ.FLOW.062",2020-11-30,"Sergio Reijnders - Ellis Herder",68,"hour",50,47,"24157-81-1","2,6-diisopropylnaphthalene","4.99","nM","Liquid","controlVehicleA","N2",25,"OP50","heated",0.743,8,300,"ul","1,5 glass vial",1000,"ul","rockroll",35,NA,20
NA,NA,1,"e","experiment",3,"CE.LIQ.FLOW.062",2020-11-30,"Sergio Reijnders - Ellis Herder",68,"hour",50,41,"24157-81-1","2,6-diisopropylnaphthalene","4.99","nM","Liquid","controlVehicleA","N2",25,"OP50","heated",0.743,8,300,"ul","1,5 glass vial",1000,"ul","rockroll",35,NA,20
NA,NA,2,"a","experiment",3,"CE.LIQ.FLOW.062",2020-11-30,"Sergio Reijnders - Ellis Herder",68,"hour",50,35,"24157-81-1","2,6-diisopropylnaphthalene","4.99","nM","Liquid","controlVehicleA","N2",25,"OP50","heated",0.743,8,300,"ul","1,5 glass vial",1000,"ul","rockroll",35,NA,20
NA,NA,2,"b","experiment",3,"CE.LIQ.FLOW.062",2020-11-30,"Sergio Reijnders - Ellis Herder",68,"hour",50,41,"24157-81-1","2,6-diisopropylnaphthalene","4.99","nM","Liquid","controlVehicleA","N2",25,"OP50","heated",0.743,8,300,"ul","1,5 glass vial",1000,"ul","rockroll",35,NA,20
NA,NA,2,"c","experiment",3,"CE.LIQ.FLOW.062",2020-11-30,"Sergio Reijnders - Ellis Herder",68,"hour",50,36,"24157-81-1","2,6-diisopropylnaphthalene","4.99","nM","Liquid","controlVehicleA","N2",25,"OP50","heated",0.743,8,300,"ul","1,5 glass vial",1000,"ul","rockroll",35,NA,20
NA,NA,2,"d","experiment",3,"CE.LIQ.FLOW.062",2020-11-30,"Sergio Reijnders - Ellis Herder",68,"hour",50,40,"24157-81-1","2,6-diisopropylnaphthalene","4.99","nM","Liquid","controlVehicleA","N2",25,"OP50","heated",0.743,8,300,"ul","1,5 glass vial",1000,"ul","rockroll",35,NA,20
NA,NA,2,"e","experiment",3,"CE.LIQ.FLOW.062",2020-11-30,"Sergio Reijnders - Ellis Herder",68,"hour",50,38,"24157-81-1","2,6-diisopropylnaphthalene","4.99","nM","Liquid","controlVehicleA","N2",25,"OP50","heated",0.743,8,300,"ul","1,5 glass vial",1000,"ul","rockroll",35,NA,20
NA,NA,3,"a","experiment",3,"CE.LIQ.FLOW.062",2020-11-30,"Sergio Reijnders - Ellis Herder",68,"hour",50,44,"24157-81-1","2,6-diisopropylnaphthalene","4.99","nM","Liquid","controlVehicleA","N2",25,"OP50","heated",0.743,8,300,"ul","1,5 glass vial",1000,"ul","rockroll",35,NA,20
NA,NA,3,"b","experiment",3,"CE.LIQ.FLOW.062",2020-11-30,"Sergio Reijnders - Ellis Herder",68,"hour",50,48,"24157-81-1","2,6-diisopropylnaphthalene","4.99","nM","Liquid","controlVehicleA","N2",25,"OP50","heated",0.743,8,300,"ul","1,5 glass vial",1000,"ul","rockroll",35,NA,20
NA,NA,3,"c","experiment",3,"CE.LIQ.FLOW.062",2020-11-30,"Sergio Reijnders - Ellis Herder",68,"hour",50,43,"24157-81-1","2,6-diisopropylnaphthalene","4.99","nM","Liquid","controlVehicleA","N2",25,"OP50","heated",0.743,8,300,"ul","1,5 glass vial",1000,"ul","rockroll",35,NA,20
NA,NA,3,"d","experiment",3,"CE.LIQ.FLOW.062",2020-11-30,"Sergio Reijnders - Ellis Herder",68,"hour",50,50,"24157-81-1","2,6-diisopropylnaphthalene","4.99","nM","Liquid","controlVehicleA","N2",25,"OP50","heated",0.743,8,300,"ul","1,5 glass vial",1000,"ul","rockroll",35,NA,20
NA,NA,3,"e","experiment",3,"CE.LIQ.FLOW.062",2020-11-30,"Sergio Reijnders - Ellis Herder",68,"hour",50,16,"24157-81-1","2,6-diisopropylnaphthalene","4.99","nM","Liquid","controlVehicleA","N2",25,"OP50","heated",0.743,8,300,"ul","1,5 glass vial",1000,"ul","rockroll",35,NA,20
NA,NA,1,"a","experiment",3,"CE.LIQ.FLOW.062",2020-11-30,"Sergio Reijnders - Ellis Herder",68,"hour",50,48,"24157-81-1","2,6-diisopropylnaphthalene","0.499","nM","Liquid","controlVehicleA","N2",25,"OP50","heated",0.743,8,300,"ul","1,5 glass vial",1000,"ul","rockroll",35,NA,20
NA,NA,1,"b","experiment",3,"CE.LIQ.FLOW.062",2020-11-30,"Sergio Reijnders - Ellis Herder",68,"hour",50,42,"24157-81-1","2,6-diisopropylnaphthalene","0.499","nM","Liquid","controlVehicleA","N2",25,"OP50","heated",0.743,8,300,"ul","1,5 glass vial",1000,"ul","rockroll",35,NA,20
NA,NA,1,"c","experiment",3,"CE.LIQ.FLOW.062",2020-11-30,"Sergio Reijnders - Ellis Herder",68,"hour",50,41,"24157-81-1","2,6-diisopropylnaphthalene","0.499","nM","Liquid","controlVehicleA","N2",25,"OP50","heated",0.743,8,300,"ul","1,5 glass vial",1000,"ul","rockroll",35,NA,20
NA,NA,1,"d","experiment",3,"CE.LIQ.FLOW.062",2020-11-30,"Sergio Reijnders - Ellis Herder",68,"hour",50,44,"24157-81-1","2,6-diisopropylnaphthalene","0.499","nM","Liquid","controlVehicleA","N2",25,"OP50","heated",0.743,8,300,"ul","1,5 glass vial",1000,"ul","rockroll",35,NA,20
NA,NA,1,"e","experiment",3,"CE.LIQ.FLOW.062",2020-11-30,"Sergio Reijnders - Ellis Herder",68,"hour",50,40,"24157-81-1","2,6-diisopropylnaphthalene","0.499","nM","Liquid","controlVehicleA","N2",25,"OP50","heated",0.743,8,300,"ul","1,5 glass vial",1000,"ul","rockroll",35,NA,20
NA,NA,2,"a","experiment",3,"CE.LIQ.FLOW.062",2020-11-30,"Sergio Reijnders - Ellis Herder",68,"hour",50,38,"24157-81-1","2,6-diisopropylnaphthalene","0.499","nM","Liquid","controlVehicleA","N2",25,"OP50","heated",0.743,8,300,"ul","1,5 glass vial",1000,"ul","rockroll",35,NA,20
NA,NA,2,"b","experiment",3,"CE.LIQ.FLOW.062",2020-11-30,"Sergio Reijnders - Ellis Herder",68,"hour",50,41,"24157-81-1","2,6-diisopropylnaphthalene","0.499","nM","Liquid","controlVehicleA","N2",25,"OP50","heated",0.743,8,300,"ul","1,5 glass vial",1000,"ul","rockroll",35,NA,20
NA,NA,2,"c","experiment",3,"CE.LIQ.FLOW.062",2020-11-30,"Sergio Reijnders - Ellis Herder",68,"hour",50,37,"24157-81-1","2,6-diisopropylnaphthalene","0.499","nM","Liquid","controlVehicleA","N2",25,"OP50","heated",0.743,8,300,"ul","1,5 glass vial",1000,"ul","rockroll",35,NA,20
NA,NA,2,"d","experiment",3,"CE.LIQ.FLOW.062",2020-11-30,"Sergio Reijnders - Ellis Herder",68,"hour",50,43,"24157-81-1","2,6-diisopropylnaphthalene","0.499","nM","Liquid","controlVehicleA","N2",25,"OP50","heated",0.743,8,300,"ul","1,5 glass vial",1000,"ul","rockroll",35,NA,20
NA,NA,2,"e","experiment",3,"CE.LIQ.FLOW.062",2020-11-30,"Sergio Reijnders - Ellis Herder",68,"hour",50,39,"24157-81-1","2,6-diisopropylnaphthalene","0.499","nM","Liquid","controlVehicleA","N2",25,"OP50","heated",0.743,8,300,"ul","1,5 glass vial",1000,"ul","rockroll",35,NA,20
NA,NA,3,"a","experiment",3,"CE.LIQ.FLOW.062",2020-11-30,"Sergio Reijnders - Ellis Herder",68,"hour",50,34,"24157-81-1","2,6-diisopropylnaphthalene","0.499","nM","Liquid","controlVehicleA","N2",25,"OP50","heated",0.743,8,300,"ul","1,5 glass vial",1000,"ul","rockroll",35,NA,20
NA,NA,3,"b","experiment",3,"CE.LIQ.FLOW.062",2020-11-30,"Sergio Reijnders - Ellis Herder",68,"hour",50,55,"24157-81-1","2,6-diisopropylnaphthalene","0.499","nM","Liquid","controlVehicleA","N2",25,"OP50","heated",0.743,8,300,"ul","1,5 glass vial",1000,"ul","rockroll",35,NA,20
NA,NA,3,"c","experiment",3,"CE.LIQ.FLOW.062",2020-11-30,"Sergio Reijnders - Ellis Herder",68,"hour",50,50,"24157-81-1","2,6-diisopropylnaphthalene","0.499","nM","Liquid","controlVehicleA","N2",25,"OP50","heated",0.743,8,300,"ul","1,5 glass vial",1000,"ul","rockroll",35,NA,20
NA,NA,3,"d","experiment",3,"CE.LIQ.FLOW.062",2020-11-30,"Sergio Reijnders - Ellis Herder",68,"hour",50,55,"24157-81-1","2,6-diisopropylnaphthalene","0.499","nM","Liquid","controlVehicleA","N2",25,"OP50","heated",0.743,8,300,"ul","1,5 glass vial",1000,"ul","rockroll",35,NA,20
NA,NA,3,"e","experiment",3,"CE.LIQ.FLOW.062",2020-11-30,"Sergio Reijnders - Ellis Herder",68,"hour",50,42,"24157-81-1","2,6-diisopropylnaphthalene","0.499","nM","Liquid","controlVehicleA","N2",25,"OP50","heated",0.743,8,300,"ul","1,5 glass vial",1000,"ul","rockroll",35,NA,20
NA,NA,1,"a","experiment",3,"CE.LIQ.FLOW.062",2020-11-30,"Sergio Reijnders - Ellis Herder",68,"hour",50,49,"24157-81-1","2,6-diisopropylnaphthalene","4.99E-2","nM","Liquid","controlVehicleA","N2",25,"OP50","heated",0.743,8,300,"ul","1,5 glass vial",1000,"ul","rockroll",35,NA,20
NA,NA,1,"b","experiment",3,"CE.LIQ.FLOW.062",2020-11-30,"Sergio Reijnders - Ellis Herder",68,"hour",50,56,"24157-81-1","2,6-diisopropylnaphthalene","4.99E-2","nM","Liquid","controlVehicleA","N2",25,"OP50","heated",0.743,8,300,"ul","1,5 glass vial",1000,"ul","rockroll",35,NA,20
NA,NA,1,"c","experiment",3,"CE.LIQ.FLOW.062",2020-11-30,"Sergio Reijnders - Ellis Herder",68,"hour",50,63,"24157-81-1","2,6-diisopropylnaphthalene","4.99E-2","nM","Liquid","controlVehicleA","N2",25,"OP50","heated",0.743,8,300,"ul","1,5 glass vial",1000,"ul","rockroll",35,NA,20
NA,NA,1,"d","experiment",3,"CE.LIQ.FLOW.062",2020-11-30,"Sergio Reijnders - Ellis Herder",68,"hour",50,60,"24157-81-1","2,6-diisopropylnaphthalene","4.99E-2","nM","Liquid","controlVehicleA","N2",25,"OP50","heated",0.743,8,300,"ul","1,5 glass vial",1000,"ul","rockroll",35,NA,20
NA,NA,1,"e","experiment",3,"CE.LIQ.FLOW.062",2020-11-30,"Sergio Reijnders - Ellis Herder",68,"hour",50,58,"24157-81-1","2,6-diisopropylnaphthalene","4.99E-2","nM","Liquid","controlVehicleA","N2",25,"OP50","heated",0.743,8,300,"ul","1,5 glass vial",1000,"ul","rockroll",35,NA,20
NA,NA,2,"a","experiment",3,"CE.LIQ.FLOW.062",2020-11-30,"Sergio Reijnders - Ellis Herder",68,"hour",50,56,"24157-81-1","2,6-diisopropylnaphthalene","4.99E-2","nM","Liquid","controlVehicleA","N2",25,"OP50","heated",0.743,8,300,"ul","1,5 glass vial",1000,"ul","rockroll",35,NA,20
NA,NA,2,"b","experiment",3,"CE.LIQ.FLOW.062",2020-11-30,"Sergio Reijnders - Ellis Herder",68,"hour",50,57,"24157-81-1","2,6-diisopropylnaphthalene","4.99E-2","nM","Liquid","controlVehicleA","N2",25,"OP50","heated",0.743,8,300,"ul","1,5 glass vial",1000,"ul","rockroll",35,NA,20
NA,NA,2,"c","experiment",3,"CE.LIQ.FLOW.062",2020-11-30,"Sergio Reijnders - Ellis Herder",68,"hour",50,57,"24157-81-1","2,6-diisopropylnaphthalene","4.99E-2","nM","Liquid","controlVehicleA","N2",25,"OP50","heated",0.743,8,300,"ul","1,5 glass vial",1000,"ul","rockroll",35,NA,20
NA,NA,2,"d","experiment",3,"CE.LIQ.FLOW.062",2020-11-30,"Sergio Reijnders - Ellis Herder",68,"hour",50,64,"24157-81-1","2,6-diisopropylnaphthalene","4.99E-2","nM","Liquid","controlVehicleA","N2",25,"OP50","heated",0.743,8,300,"ul","1,5 glass vial",1000,"ul","rockroll",35,NA,20
NA,NA,2,"e","experiment",3,"CE.LIQ.FLOW.062",2020-11-30,"Sergio Reijnders - Ellis Herder",68,"hour",50,61,"24157-81-1","2,6-diisopropylnaphthalene","4.99E-2","nM","Liquid","controlVehicleA","N2",25,"OP50","heated",0.743,8,300,"ul","1,5 glass vial",1000,"ul","rockroll",35,NA,20
NA,NA,3,"a","experiment",3,"CE.LIQ.FLOW.062",2020-11-30,"Sergio Reijnders - Ellis Herder",68,"hour",50,68,"24157-81-1","2,6-diisopropylnaphthalene","4.99E-2","nM","Liquid","controlVehicleA","N2",25,"OP50","heated",0.743,8,300,"ul","1,5 glass vial",1000,"ul","rockroll",35,NA,20
NA,NA,3,"b","experiment",3,"CE.LIQ.FLOW.062",2020-11-30,"Sergio Reijnders - Ellis Herder",68,"hour",50,60,"24157-81-1","2,6-diisopropylnaphthalene","4.99E-2","nM","Liquid","controlVehicleA","N2",25,"OP50","heated",0.743,8,300,"ul","1,5 glass vial",1000,"ul","rockroll",35,NA,20
NA,NA,3,"c","experiment",3,"CE.LIQ.FLOW.062",2020-11-30,"Sergio Reijnders - Ellis Herder",68,"hour",50,65,"24157-81-1","2,6-diisopropylnaphthalene","4.99E-2","nM","Liquid","controlVehicleA","N2",25,"OP50","heated",0.743,8,300,"ul","1,5 glass vial",1000,"ul","rockroll",35,NA,20
NA,NA,3,"d","experiment",3,"CE.LIQ.FLOW.062",2020-11-30,"Sergio Reijnders - Ellis Herder",68,"hour",50,52,"24157-81-1","2,6-diisopropylnaphthalene","4.99E-2","nM","Liquid","controlVehicleA","N2",25,"OP50","heated",0.743,8,300,"ul","1,5 glass vial",1000,"ul","rockroll",35,NA,20
NA,NA,3,"e","experiment",3,"CE.LIQ.FLOW.062",2020-11-30,"Sergio Reijnders - Ellis Herder",68,"hour",50,59,"24157-81-1","2,6-diisopropylnaphthalene","4.99E-2","nM","Liquid","controlVehicleA","N2",25,"OP50","heated",0.743,8,300,"ul","1,5 glass vial",1000,"ul","rockroll",35,NA,20
NA,NA,1,"a","experiment",3,"CE.LIQ.FLOW.062",2020-11-30,"Sergio Reijnders - Ellis Herder",68,"hour",50,67,"24157-81-1","2,6-diisopropylnaphthalene","4.9899999999999996E-3","nM","Liquid","controlVehicleA","N2",25,"OP50","heated",0.743,8,300,"ul","1,5 glass vial",1000,"ul","rockroll",35,NA,20
NA,NA,1,"b","experiment",3,"CE.LIQ.FLOW.062",2020-11-30,"Sergio Reijnders - Ellis Herder",68,"hour",50,80,"24157-81-1","2,6-diisopropylnaphthalene","4.9899999999999996E-3","nM","Liquid","controlVehicleA","N2",25,"OP50","heated",0.743,8,300,"ul","1,5 glass vial",1000,"ul","rockroll",35,NA,20
NA,NA,1,"c","experiment",3,"CE.LIQ.FLOW.062",2020-11-30,"Sergio Reijnders - Ellis Herder",68,"hour",50,70,"24157-81-1","2,6-diisopropylnaphthalene","4.9899999999999996E-3","nM","Liquid","controlVehicleA","N2",25,"OP50","heated",0.743,8,300,"ul","1,5 glass vial",1000,"ul","rockroll",35,NA,20
NA,NA,1,"d","experiment",3,"CE.LIQ.FLOW.062",2020-11-30,"Sergio Reijnders - Ellis Herder",68,"hour",50,72,"24157-81-1","2,6-diisopropylnaphthalene","4.9899999999999996E-3","nM","Liquid","controlVehicleA","N2",25,"OP50","heated",0.743,8,300,"ul","1,5 glass vial",1000,"ul","rockroll",35,NA,20
NA,NA,1,"e","experiment",3,"CE.LIQ.FLOW.062",2020-11-30,"Sergio Reijnders - Ellis Herder",68,"hour",50,85,"24157-81-1","2,6-diisopropylnaphthalene","4.9899999999999996E-3","nM","Liquid","controlVehicleA","N2",25,"OP50","heated",0.743,8,300,"ul","1,5 glass vial",1000,"ul","rockroll",35,NA,20
NA,NA,2,"a","experiment",3,"CE.LIQ.FLOW.062",2020-11-30,"Sergio Reijnders - Ellis Herder",68,"hour",50,91,"24157-81-1","2,6-diisopropylnaphthalene","4.9899999999999996E-3","nM","Liquid","controlVehicleA","N2",25,"OP50","heated",0.743,8,300,"ul","1,5 glass vial",1000,"ul","rockroll",35,NA,20
NA,NA,2,"b","experiment",3,"CE.LIQ.FLOW.062",2020-11-30,"Sergio Reijnders - Ellis Herder",68,"hour",50,75,"24157-81-1","2,6-diisopropylnaphthalene","4.9899999999999996E-3","nM","Liquid","controlVehicleA","N2",25,"OP50","heated",0.743,8,300,"ul","1,5 glass vial",1000,"ul","rockroll",35,NA,20
NA,NA,2,"c","experiment",3,"CE.LIQ.FLOW.062",2020-11-30,"Sergio Reijnders - Ellis Herder",68,"hour",50,77,"24157-81-1","2,6-diisopropylnaphthalene","4.9899999999999996E-3","nM","Liquid","controlVehicleA","N2",25,"OP50","heated",0.743,8,300,"ul","1,5 glass vial",1000,"ul","rockroll",35,NA,20
NA,NA,2,"d","experiment",3,"CE.LIQ.FLOW.062",2020-11-30,"Sergio Reijnders - Ellis Herder",68,"hour",50,65,"24157-81-1","2,6-diisopropylnaphthalene","4.9899999999999996E-3","nM","Liquid","controlVehicleA","N2",25,"OP50","heated",0.743,8,300,"ul","1,5 glass vial",1000,"ul","rockroll",35,NA,20
NA,NA,2,"e","experiment",3,"CE.LIQ.FLOW.062",2020-11-30,"Sergio Reijnders - Ellis Herder",68,"hour",50,78,"24157-81-1","2,6-diisopropylnaphthalene","4.9899999999999996E-3","nM","Liquid","controlVehicleA","N2",25,"OP50","heated",0.743,8,300,"ul","1,5 glass vial",1000,"ul","rockroll",35,NA,20
NA,NA,3,"a","experiment",3,"CE.LIQ.FLOW.062",2020-11-30,"Sergio Reijnders - Ellis Herder",68,"hour",50,90,"24157-81-1","2,6-diisopropylnaphthalene","4.9899999999999996E-3","nM","Liquid","controlVehicleA","N2",25,"OP50","heated",0.743,8,300,"ul","1,5 glass vial",1000,"ul","rockroll",35,NA,20
NA,NA,3,"b","experiment",3,"CE.LIQ.FLOW.062",2020-11-30,"Sergio Reijnders - Ellis Herder",68,"hour",50,57,"24157-81-1","2,6-diisopropylnaphthalene","4.9899999999999996E-3","nM","Liquid","controlVehicleA","N2",25,"OP50","heated",0.743,8,300,"ul","1,5 glass vial",1000,"ul","rockroll",35,NA,20
NA,NA,3,"c","experiment",3,"CE.LIQ.FLOW.062",2020-11-30,"Sergio Reijnders - Ellis Herder",68,"hour",50,70,"24157-81-1","2,6-diisopropylnaphthalene","4.9899999999999996E-3","nM","Liquid","controlVehicleA","N2",25,"OP50","heated",0.743,8,300,"ul","1,5 glass vial",1000,"ul","rockroll",35,NA,20
NA,NA,3,"d","experiment",3,"CE.LIQ.FLOW.062",2020-11-30,"Sergio Reijnders - Ellis Herder",68,"hour",50,83,"24157-81-1","2,6-diisopropylnaphthalene","4.9899999999999996E-3","nM","Liquid","controlVehicleA","N2",25,"OP50","heated",0.743,8,300,"ul","1,5 glass vial",1000,"ul","rockroll",35,NA,20
NA,NA,3,"e","experiment",3,"CE.LIQ.FLOW.062",2020-11-30,"Sergio Reijnders - Ellis Herder",68,"hour",50,67,"24157-81-1","2,6-diisopropylnaphthalene","4.9899999999999996E-3","nM","Liquid","controlVehicleA","N2",25,"OP50","heated",0.743,8,300,"ul","1,5 glass vial",1000,"ul","rockroll",35,NA,20
NA,NA,1,"a","experiment",3,"CE.LIQ.FLOW.062",2020-11-30,"Sergio Reijnders - Ellis Herder",68,"hour",50,120,"24157-81-1","2,6-diisopropylnaphthalene","4.9899999999999999E-4","nM","Liquid","controlVehicleA","N2",25,"OP50","heated",0.743,8,300,"ul","1,5 glass vial",1000,"ul","rockroll",35,NA,20
NA,NA,1,"b","experiment",3,"CE.LIQ.FLOW.062",2020-11-30,"Sergio Reijnders - Ellis Herder",68,"hour",50,86,"24157-81-1","2,6-diisopropylnaphthalene","4.9899999999999999E-4","nM","Liquid","controlVehicleA","N2",25,"OP50","heated",0.743,8,300,"ul","1,5 glass vial",1000,"ul","rockroll",35,NA,20
NA,NA,1,"c","experiment",3,"CE.LIQ.FLOW.062",2020-11-30,"Sergio Reijnders - Ellis Herder",68,"hour",50,106,"24157-81-1","2,6-diisopropylnaphthalene","4.9899999999999999E-4","nM","Liquid","controlVehicleA","N2",25,"OP50","heated",0.743,8,300,"ul","1,5 glass vial",1000,"ul","rockroll",35,NA,20
NA,NA,1,"d","experiment",3,"CE.LIQ.FLOW.062",2020-11-30,"Sergio Reijnders - Ellis Herder",68,"hour",50,107,"24157-81-1","2,6-diisopropylnaphthalene","4.9899999999999999E-4","nM","Liquid","controlVehicleA","N2",25,"OP50","heated",0.743,8,300,"ul","1,5 glass vial",1000,"ul","rockroll",35,NA,20
NA,NA,1,"e","experiment",3,"CE.LIQ.FLOW.062",2020-11-30,"Sergio Reijnders - Ellis Herder",68,"hour",50,99,"24157-81-1","2,6-diisopropylnaphthalene","4.9899999999999999E-4","nM","Liquid","controlVehicleA","N2",25,"OP50","heated",0.743,8,300,"ul","1,5 glass vial",1000,"ul","rockroll",35,NA,20
NA,NA,2,"a","experiment",3,"CE.LIQ.FLOW.062",2020-11-30,"Sergio Reijnders - Ellis Herder",68,"hour",50,81,"24157-81-1","2,6-diisopropylnaphthalene","4.9899999999999999E-4","nM","Liquid","controlVehicleA","N2",25,"OP50","heated",0.743,8,300,"ul","1,5 glass vial",1000,"ul","rockroll",35,NA,20
NA,NA,2,"b","experiment",3,"CE.LIQ.FLOW.062",2020-11-30,"Sergio Reijnders - Ellis Herder",68,"hour",50,62,"24157-81-1","2,6-diisopropylnaphthalene","4.9899999999999999E-4","nM","Liquid","controlVehicleA","N2",25,"OP50","heated",0.743,8,300,"ul","1,5 glass vial",1000,"ul","rockroll",35,NA,20
NA,NA,2,"c","experiment",3,"CE.LIQ.FLOW.062",2020-11-30,"Sergio Reijnders - Ellis Herder",68,"hour",50,72,"24157-81-1","2,6-diisopropylnaphthalene","4.9899999999999999E-4","nM","Liquid","controlVehicleA","N2",25,"OP50","heated",0.743,8,300,"ul","1,5 glass vial",1000,"ul","rockroll",35,NA,20
NA,NA,2,"d","experiment",3,"CE.LIQ.FLOW.062",2020-11-30,"Sergio Reijnders - Ellis Herder",68,"hour",50,68,"24157-81-1","2,6-diisopropylnaphthalene","4.9899999999999999E-4","nM","Liquid","controlVehicleA","N2",25,"OP50","heated",0.743,8,300,"ul","1,5 glass vial",1000,"ul","rockroll",35,NA,20
NA,NA,2,"e","experiment",3,"CE.LIQ.FLOW.062",2020-11-30,"Sergio Reijnders - Ellis Herder",68,"hour",50,72,"24157-81-1","2,6-diisopropylnaphthalene","4.9899999999999999E-4","nM","Liquid","controlVehicleA","N2",25,"OP50","heated",0.743,8,300,"ul","1,5 glass vial",1000,"ul","rockroll",35,NA,20
NA,NA,3,"a","experiment",3,"CE.LIQ.FLOW.062",2020-11-30,"Sergio Reijnders - Ellis Herder",68,"hour",50,68,"24157-81-1","2,6-diisopropylnaphthalene","4.9899999999999999E-4","nM","Liquid","controlVehicleA","N2",25,"OP50","heated",0.743,8,300,"ul","1,5 glass vial",1000,"ul","rockroll",35,NA,20
NA,NA,3,"b","experiment",3,"CE.LIQ.FLOW.062",2020-11-30,"Sergio Reijnders - Ellis Herder",68,"hour",50,71,"24157-81-1","2,6-diisopropylnaphthalene","4.9899999999999999E-4","nM","Liquid","controlVehicleA","N2",25,"OP50","heated",0.743,8,300,"ul","1,5 glass vial",1000,"ul","rockroll",35,NA,20
NA,NA,3,"c","experiment",3,"CE.LIQ.FLOW.062",2020-11-30,"Sergio Reijnders - Ellis Herder",68,"hour",50,78,"24157-81-1","2,6-diisopropylnaphthalene","4.9899999999999999E-4","nM","Liquid","controlVehicleA","N2",25,"OP50","heated",0.743,8,300,"ul","1,5 glass vial",1000,"ul","rockroll",35,NA,20
NA,NA,3,"d","experiment",3,"CE.LIQ.FLOW.062",2020-11-30,"Sergio Reijnders - Ellis Herder",68,"hour",50,86,"24157-81-1","2,6-diisopropylnaphthalene","4.9899999999999999E-4","nM","Liquid","controlVehicleA","N2",25,"OP50","heated",0.743,8,300,"ul","1,5 glass vial",1000,"ul","rockroll",35,NA,20
NA,NA,3,"e","experiment",3,"CE.LIQ.FLOW.062",2020-11-30,"Sergio Reijnders - Ellis Herder",68,"hour",50,70,"24157-81-1","2,6-diisopropylnaphthalene","4.9899999999999999E-4","nM","Liquid","controlVehicleA","N2",25,"OP50","heated",0.743,8,300,"ul","1,5 glass vial",1000,"ul","rockroll",35,NA,20
NA,NA,1,"a","experiment",3,"CE.LIQ.FLOW.062",2020-11-30,"Sergio Reijnders - Ellis Herder",68,"hour",50,100,"24157-81-1","2,6-diisopropylnaphthalene","4.99E-5","nM","Liquid","controlVehicleA","N2",25,"OP50","heated",0.743,8,300,"ul","1,5 glass vial",1000,"ul","rockroll",35,NA,20
NA,NA,1,"b","experiment",3,"CE.LIQ.FLOW.062",2020-11-30,"Sergio Reijnders - Ellis Herder",68,"hour",50,88,"24157-81-1","2,6-diisopropylnaphthalene","4.99E-5","nM","Liquid","controlVehicleA","N2",25,"OP50","heated",0.743,8,300,"ul","1,5 glass vial",1000,"ul","rockroll",35,NA,20
NA,NA,1,"c","experiment",3,"CE.LIQ.FLOW.062",2020-11-30,"Sergio Reijnders - Ellis Herder",68,"hour",50,100,"24157-81-1","2,6-diisopropylnaphthalene","4.99E-5","nM","Liquid","controlVehicleA","N2",25,"OP50","heated",0.743,8,300,"ul","1,5 glass vial",1000,"ul","rockroll",35,NA,20
NA,NA,1,"d","experiment",3,"CE.LIQ.FLOW.062",2020-11-30,"Sergio Reijnders - Ellis Herder",68,"hour",50,104,"24157-81-1","2,6-diisopropylnaphthalene","4.99E-5","nM","Liquid","controlVehicleA","N2",25,"OP50","heated",0.743,8,300,"ul","1,5 glass vial",1000,"ul","rockroll",35,NA,20
NA,NA,1,"e","experiment",3,"CE.LIQ.FLOW.062",2020-11-30,"Sergio Reijnders - Ellis Herder",68,"hour",50,86,"24157-81-1","2,6-diisopropylnaphthalene","4.99E-5","nM","Liquid","controlVehicleA","N2",25,"OP50","heated",0.743,8,300,"ul","1,5 glass vial",1000,"ul","rockroll",35,NA,20
NA,NA,2,"a","experiment",3,"CE.LIQ.FLOW.062",2020-11-30,"Sergio Reijnders - Ellis Herder",68,"hour",50,75,"24157-81-1","2,6-diisopropylnaphthalene","4.99E-5","nM","Liquid","controlVehicleA","N2",25,"OP50","heated",0.743,8,300,"ul","1,5 glass vial",1000,"ul","rockroll",35,NA,20
NA,NA,2,"b","experiment",3,"CE.LIQ.FLOW.062",2020-11-30,"Sergio Reijnders - Ellis Herder",68,"hour",50,86,"24157-81-1","2,6-diisopropylnaphthalene","4.99E-5","nM","Liquid","controlVehicleA","N2",25,"OP50","heated",0.743,8,300,"ul","1,5 glass vial",1000,"ul","rockroll",35,NA,20
NA,NA,2,"c","experiment",3,"CE.LIQ.FLOW.062",2020-11-30,"Sergio Reijnders - Ellis Herder",68,"hour",50,94,"24157-81-1","2,6-diisopropylnaphthalene","4.99E-5","nM","Liquid","controlVehicleA","N2",25,"OP50","heated",0.743,8,300,"ul","1,5 glass vial",1000,"ul","rockroll",35,NA,20
NA,NA,2,"d","experiment",3,"CE.LIQ.FLOW.062",2020-11-30,"Sergio Reijnders - Ellis Herder",68,"hour",50,99,"24157-81-1","2,6-diisopropylnaphthalene","4.99E-5","nM","Liquid","controlVehicleA","N2",25,"OP50","heated",0.743,8,300,"ul","1,5 glass vial",1000,"ul","rockroll",35,NA,20
NA,NA,2,"e","experiment",3,"CE.LIQ.FLOW.062",2020-11-30,"Sergio Reijnders - Ellis Herder",68,"hour",50,77,"24157-81-1","2,6-diisopropylnaphthalene","4.99E-5","nM","Liquid","controlVehicleA","N2",25,"OP50","heated",0.743,8,300,"ul","1,5 glass vial",1000,"ul","rockroll",35,NA,20
NA,NA,3,"a","experiment",3,"CE.LIQ.FLOW.062",2020-11-30,"Sergio Reijnders - Ellis Herder",68,"hour",50,93,"24157-81-1","2,6-diisopropylnaphthalene","4.99E-5","nM","Liquid","controlVehicleA","N2",25,"OP50","heated",0.743,8,300,"ul","1,5 glass vial",1000,"ul","rockroll",35,NA,20
NA,NA,3,"b","experiment",3,"CE.LIQ.FLOW.062",2020-11-30,"Sergio Reijnders - Ellis Herder",68,"hour",50,74,"24157-81-1","2,6-diisopropylnaphthalene","4.99E-5","nM","Liquid","controlVehicleA","N2",25,"OP50","heated",0.743,8,300,"ul","1,5 glass vial",1000,"ul","rockroll",35,NA,20
NA,NA,3,"c","experiment",3,"CE.LIQ.FLOW.062",2020-11-30,"Sergio Reijnders - Ellis Herder",68,"hour",50,94,"24157-81-1","2,6-diisopropylnaphthalene","4.99E-5","nM","Liquid","controlVehicleA","N2",25,"OP50","heated",0.743,8,300,"ul","1,5 glass vial",1000,"ul","rockroll",35,NA,20
NA,NA,3,"d","experiment",3,"CE.LIQ.FLOW.062",2020-11-30,"Sergio Reijnders - Ellis Herder",68,"hour",50,90,"24157-81-1","2,6-diisopropylnaphthalene","4.99E-5","nM","Liquid","controlVehicleA","N2",25,"OP50","heated",0.743,8,300,"ul","1,5 glass vial",1000,"ul","rockroll",35,NA,20
NA,NA,3,"e","experiment",3,"CE.LIQ.FLOW.062",2020-11-30,"Sergio Reijnders - Ellis Herder",68,"hour",50,79,"24157-81-1","2,6-diisopropylnaphthalene","4.99E-5","nM","Liquid","controlVehicleA","N2",25,"OP50","heated",0.743,8,300,"ul","1,5 glass vial",1000,"ul","rockroll",35,NA,20
NA,NA,1,"a","experiment",3,"CE.LIQ.FLOW.062",2020-11-30,"Sergio Reijnders - Ellis Herder",68,"hour",50,18,"124-18-5","decane","4.99","nM","Liquid","controlVehicleA","N2",25,"OP50","heated",0.743,8,300,"ul","1,5 glass vial",1000,"ul","rockroll",35,NA,20
NA,NA,1,"b","experiment",3,"CE.LIQ.FLOW.062",2020-11-30,"Sergio Reijnders - Ellis Herder",68,"hour",50,29,"124-18-5","decane","4.99","nM","Liquid","controlVehicleA","N2",25,"OP50","heated",0.743,8,300,"ul","1,5 glass vial",1000,"ul","rockroll",35,NA,20
NA,NA,1,"c","experiment",3,"CE.LIQ.FLOW.062",2020-11-30,"Sergio Reijnders - Ellis Herder",68,"hour",50,17,"124-18-5","decane","4.99","nM","Liquid","controlVehicleA","N2",25,"OP50","heated",0.743,8,300,"ul","1,5 glass vial",1000,"ul","rockroll",35,NA,20
NA,NA,1,"d","experiment",3,"CE.LIQ.FLOW.062",2020-11-30,"Sergio Reijnders - Ellis Herder",68,"hour",50,19,"124-18-5","decane","4.99","nM","Liquid","controlVehicleA","N2",25,"OP50","heated",0.743,8,300,"ul","1,5 glass vial",1000,"ul","rockroll",35,NA,20
NA,NA,1,"e","experiment",3,"CE.LIQ.FLOW.062",2020-11-30,"Sergio Reijnders - Ellis Herder",68,"hour",50,19,"124-18-5","decane","4.99","nM","Liquid","controlVehicleA","N2",25,"OP50","heated",0.743,8,300,"ul","1,5 glass vial",1000,"ul","rockroll",35,NA,20
NA,NA,2,"a","experiment",3,"CE.LIQ.FLOW.062",2020-11-30,"Sergio Reijnders - Ellis Herder",68,"hour",50,16,"124-18-5","decane","4.99","nM","Liquid","controlVehicleA","N2",25,"OP50","heated",0.743,8,300,"ul","1,5 glass vial",1000,"ul","rockroll",35,NA,20
NA,NA,2,"b","experiment",3,"CE.LIQ.FLOW.062",2020-11-30,"Sergio Reijnders - Ellis Herder",68,"hour",50,18,"124-18-5","decane","4.99","nM","Liquid","controlVehicleA","N2",25,"OP50","heated",0.743,8,300,"ul","1,5 glass vial",1000,"ul","rockroll",35,NA,20
NA,NA,2,"c","experiment",3,"CE.LIQ.FLOW.062",2020-11-30,"Sergio Reijnders - Ellis Herder",68,"hour",50,20,"124-18-5","decane","4.99","nM","Liquid","controlVehicleA","N2",25,"OP50","heated",0.743,8,300,"ul","1,5 glass vial",1000,"ul","rockroll",35,NA,20
NA,NA,2,"d","experiment",3,"CE.LIQ.FLOW.062",2020-11-30,"Sergio Reijnders - Ellis Herder",68,"hour",50,22,"124-18-5","decane","4.99","nM","Liquid","controlVehicleA","N2",25,"OP50","heated",0.743,8,300,"ul","1,5 glass vial",1000,"ul","rockroll",35,NA,20
NA,NA,2,"e","experiment",3,"CE.LIQ.FLOW.062",2020-11-30,"Sergio Reijnders - Ellis Herder",68,"hour",50,28,"124-18-5","decane","4.99","nM","Liquid","controlVehicleA","N2",25,"OP50","heated",0.743,8,300,"ul","1,5 glass vial",1000,"ul","rockroll",35,NA,20
NA,NA,3,"a","experiment",3,"CE.LIQ.FLOW.062",2020-11-30,"Sergio Reijnders - Ellis Herder",68,"hour",50,17,"124-18-5","decane","4.99","nM","Liquid","controlVehicleA","N2",25,"OP50","heated",0.743,8,300,"ul","1,5 glass vial",1000,"ul","rockroll",35,NA,20
NA,NA,3,"b","experiment",3,"CE.LIQ.FLOW.062",2020-11-30,"Sergio Reijnders - Ellis Herder",68,"hour",50,14,"124-18-5","decane","4.99","nM","Liquid","controlVehicleA","N2",25,"OP50","heated",0.743,8,300,"ul","1,5 glass vial",1000,"ul","rockroll",35,NA,20
NA,NA,3,"c","experiment",3,"CE.LIQ.FLOW.062",2020-11-30,"Sergio Reijnders - Ellis Herder",68,"hour",50,22,"124-18-5","decane","4.99","nM","Liquid","controlVehicleA","N2",25,"OP50","heated",0.743,8,300,"ul","1,5 glass vial",1000,"ul","rockroll",35,NA,20
NA,NA,3,"d","experiment",3,"CE.LIQ.FLOW.062",2020-11-30,"Sergio Reijnders - Ellis Herder",68,"hour",50,16,"124-18-5","decane","4.99","nM","Liquid","controlVehicleA","N2",25,"OP50","heated",0.743,8,300,"ul","1,5 glass vial",1000,"ul","rockroll",35,NA,20
NA,NA,3,"e","experiment",3,"CE.LIQ.FLOW.062",2020-11-30,"Sergio Reijnders - Ellis Herder",68,"hour",50,32,"124-18-5","decane","4.99","nM","Liquid","controlVehicleA","N2",25,"OP50","heated",0.743,8,300,"ul","1,5 glass vial",1000,"ul","rockroll",35,NA,20
NA,NA,1,"a","experiment",3,"CE.LIQ.FLOW.062",2020-11-30,"Sergio Reijnders - Ellis Herder",68,"hour",50,21,"124-18-5","decane","0.499","nM","Liquid","controlVehicleA","N2",25,"OP50","heated",0.743,8,300,"ul","1,5 glass vial",1000,"ul","rockroll",35,NA,20
NA,NA,1,"b","experiment",3,"CE.LIQ.FLOW.062",2020-11-30,"Sergio Reijnders - Ellis Herder",68,"hour",50,23,"124-18-5","decane","0.499","nM","Liquid","controlVehicleA","N2",25,"OP50","heated",0.743,8,300,"ul","1,5 glass vial",1000,"ul","rockroll",35,NA,20
NA,NA,1,"c","experiment",3,"CE.LIQ.FLOW.062",2020-11-30,"Sergio Reijnders - Ellis Herder",68,"hour",50,21,"124-18-5","decane","0.499","nM","Liquid","controlVehicleA","N2",25,"OP50","heated",0.743,8,300,"ul","1,5 glass vial",1000,"ul","rockroll",35,NA,20
NA,NA,1,"d","experiment",3,"CE.LIQ.FLOW.062",2020-11-30,"Sergio Reijnders - Ellis Herder",68,"hour",50,11,"124-18-5","decane","0.499","nM","Liquid","controlVehicleA","N2",25,"OP50","heated",0.743,8,300,"ul","1,5 glass vial",1000,"ul","rockroll",35,NA,20
NA,NA,1,"e","experiment",3,"CE.LIQ.FLOW.062",2020-11-30,"Sergio Reijnders - Ellis Herder",68,"hour",50,19,"124-18-5","decane","0.499","nM","Liquid","controlVehicleA","N2",25,"OP50","heated",0.743,8,300,"ul","1,5 glass vial",1000,"ul","rockroll",35,NA,20
NA,NA,2,"a","experiment",3,"CE.LIQ.FLOW.062",2020-11-30,"Sergio Reijnders - Ellis Herder",68,"hour",50,38,"124-18-5","decane","0.499","nM","Liquid","controlVehicleA","N2",25,"OP50","heated",0.743,8,300,"ul","1,5 glass vial",1000,"ul","rockroll",35,NA,20
NA,NA,2,"b","experiment",3,"CE.LIQ.FLOW.062",2020-11-30,"Sergio Reijnders - Ellis Herder",68,"hour",50,27,"124-18-5","decane","0.499","nM","Liquid","controlVehicleA","N2",25,"OP50","heated",0.743,8,300,"ul","1,5 glass vial",1000,"ul","rockroll",35,NA,20
NA,NA,2,"c","experiment",3,"CE.LIQ.FLOW.062",2020-11-30,"Sergio Reijnders - Ellis Herder",68,"hour",50,31,"124-18-5","decane","0.499","nM","Liquid","controlVehicleA","N2",25,"OP50","heated",0.743,8,300,"ul","1,5 glass vial",1000,"ul","rockroll",35,NA,20
NA,NA,2,"d","experiment",3,"CE.LIQ.FLOW.062",2020-11-30,"Sergio Reijnders - Ellis Herder",68,"hour",50,25,"124-18-5","decane","0.499","nM","Liquid","controlVehicleA","N2",25,"OP50","heated",0.743,8,300,"ul","1,5 glass vial",1000,"ul","rockroll",35,NA,20
NA,NA,2,"e","experiment",3,"CE.LIQ.FLOW.062",2020-11-30,"Sergio Reijnders - Ellis Herder",68,"hour",50,26,"124-18-5","decane","0.499","nM","Liquid","controlVehicleA","N2",25,"OP50","heated",0.743,8,300,"ul","1,5 glass vial",1000,"ul","rockroll",35,NA,20
NA,NA,3,"a","experiment",3,"CE.LIQ.FLOW.062",2020-11-30,"Sergio Reijnders - Ellis Herder",68,"hour",50,23,"124-18-5","decane","0.499","nM","Liquid","controlVehicleA","N2",25,"OP50","heated",0.743,8,300,"ul","1,5 glass vial",1000,"ul","rockroll",35,NA,20
NA,NA,3,"b","experiment",3,"CE.LIQ.FLOW.062",2020-11-30,"Sergio Reijnders - Ellis Herder",68,"hour",50,10,"124-18-5","decane","0.499","nM","Liquid","controlVehicleA","N2",25,"OP50","heated",0.743,8,300,"ul","1,5 glass vial",1000,"ul","rockroll",35,NA,20
NA,NA,3,"c","experiment",3,"CE.LIQ.FLOW.062",2020-11-30,"Sergio Reijnders - Ellis Herder",68,"hour",50,15,"124-18-5","decane","0.499","nM","Liquid","controlVehicleA","N2",25,"OP50","heated",0.743,8,300,"ul","1,5 glass vial",1000,"ul","rockroll",35,NA,20
NA,NA,3,"d","experiment",3,"CE.LIQ.FLOW.062",2020-11-30,"Sergio Reijnders - Ellis Herder",68,"hour",50,16,"124-18-5","decane","0.499","nM","Liquid","controlVehicleA","N2",25,"OP50","heated",0.743,8,300,"ul","1,5 glass vial",1000,"ul","rockroll",35,NA,20
NA,NA,3,"e","experiment",3,"CE.LIQ.FLOW.062",2020-11-30,"Sergio Reijnders - Ellis Herder",68,"hour",50,25,"124-18-5","decane","0.499","nM","Liquid","controlVehicleA","N2",25,"OP50","heated",0.743,8,300,"ul","1,5 glass vial",1000,"ul","rockroll",35,NA,20
NA,NA,1,"a","experiment",3,"CE.LIQ.FLOW.062",2020-11-30,"Sergio Reijnders - Ellis Herder",68,"hour",50,82,"124-18-5","decane","4.99E-2","nM","Liquid","controlVehicleA","N2",25,"OP50","heated",0.743,8,300,"ul","1,5 glass vial",1000,"ul","rockroll",35,NA,20
NA,NA,1,"b","experiment",3,"CE.LIQ.FLOW.062",2020-11-30,"Sergio Reijnders - Ellis Herder",68,"hour",50,92,"124-18-5","decane","4.99E-2","nM","Liquid","controlVehicleA","N2",25,"OP50","heated",0.743,8,300,"ul","1,5 glass vial",1000,"ul","rockroll",35,NA,20
NA,NA,1,"c","experiment",3,"CE.LIQ.FLOW.062",2020-11-30,"Sergio Reijnders - Ellis Herder",68,"hour",50,107,"124-18-5","decane","4.99E-2","nM","Liquid","controlVehicleA","N2",25,"OP50","heated",0.743,8,300,"ul","1,5 glass vial",1000,"ul","rockroll",35,NA,20
NA,NA,1,"d","experiment",3,"CE.LIQ.FLOW.062",2020-11-30,"Sergio Reijnders - Ellis Herder",68,"hour",50,103,"124-18-5","decane","4.99E-2","nM","Liquid","controlVehicleA","N2",25,"OP50","heated",0.743,8,300,"ul","1,5 glass vial",1000,"ul","rockroll",35,NA,20
NA,NA,1,"e","experiment",3,"CE.LIQ.FLOW.062",2020-11-30,"Sergio Reijnders - Ellis Herder",68,"hour",50,87,"124-18-5","decane","4.99E-2","nM","Liquid","controlVehicleA","N2",25,"OP50","heated",0.743,8,300,"ul","1,5 glass vial",1000,"ul","rockroll",35,NA,20
NA,NA,2,"a","experiment",3,"CE.LIQ.FLOW.062",2020-11-30,"Sergio Reijnders - Ellis Herder",68,"hour",50,77,"124-18-5","decane","4.99E-2","nM","Liquid","controlVehicleA","N2",25,"OP50","heated",0.743,8,300,"ul","1,5 glass vial",1000,"ul","rockroll",35,NA,20
NA,NA,2,"b","experiment",3,"CE.LIQ.FLOW.062",2020-11-30,"Sergio Reijnders - Ellis Herder",68,"hour",50,76,"124-18-5","decane","4.99E-2","nM","Liquid","controlVehicleA","N2",25,"OP50","heated",0.743,8,300,"ul","1,5 glass vial",1000,"ul","rockroll",35,NA,20
NA,NA,2,"c","experiment",3,"CE.LIQ.FLOW.062",2020-11-30,"Sergio Reijnders - Ellis Herder",68,"hour",50,81,"124-18-5","decane","4.99E-2","nM","Liquid","controlVehicleA","N2",25,"OP50","heated",0.743,8,300,"ul","1,5 glass vial",1000,"ul","rockroll",35,NA,20
NA,NA,2,"d","experiment",3,"CE.LIQ.FLOW.062",2020-11-30,"Sergio Reijnders - Ellis Herder",68,"hour",50,68,"124-18-5","decane","4.99E-2","nM","Liquid","controlVehicleA","N2",25,"OP50","heated",0.743,8,300,"ul","1,5 glass vial",1000,"ul","rockroll",35,NA,20
NA,NA,2,"e","experiment",3,"CE.LIQ.FLOW.062",2020-11-30,"Sergio Reijnders - Ellis Herder",68,"hour",50,69,"124-18-5","decane","4.99E-2","nM","Liquid","controlVehicleA","N2",25,"OP50","heated",0.743,8,300,"ul","1,5 glass vial",1000,"ul","rockroll",35,NA,20
NA,NA,3,"a","experiment",3,"CE.LIQ.FLOW.062",2020-11-30,"Sergio Reijnders - Ellis Herder",68,"hour",50,86,"124-18-5","decane","4.99E-2","nM","Liquid","controlVehicleA","N2",25,"OP50","heated",0.743,8,300,"ul","1,5 glass vial",1000,"ul","rockroll",35,NA,20
NA,NA,3,"b","experiment",3,"CE.LIQ.FLOW.062",2020-11-30,"Sergio Reijnders - Ellis Herder",68,"hour",50,97,"124-18-5","decane","4.99E-2","nM","Liquid","controlVehicleA","N2",25,"OP50","heated",0.743,8,300,"ul","1,5 glass vial",1000,"ul","rockroll",35,NA,20
NA,NA,3,"c","experiment",3,"CE.LIQ.FLOW.062",2020-11-30,"Sergio Reijnders - Ellis Herder",68,"hour",50,83,"124-18-5","decane","4.99E-2","nM","Liquid","controlVehicleA","N2",25,"OP50","heated",0.743,8,300,"ul","1,5 glass vial",1000,"ul","rockroll",35,NA,20
NA,NA,3,"d","experiment",3,"CE.LIQ.FLOW.062",2020-11-30,"Sergio Reijnders - Ellis Herder",68,"hour",50,91,"124-18-5","decane","4.99E-2","nM","Liquid","controlVehicleA","N2",25,"OP50","heated",0.743,8,300,"ul","1,5 glass vial",1000,"ul","rockroll",35,NA,20
NA,NA,3,"e","experiment",3,"CE.LIQ.FLOW.062",2020-11-30,"Sergio Reijnders - Ellis Herder",68,"hour",50,78,"124-18-5","decane","4.99E-2","nM","Liquid","controlVehicleA","N2",25,"OP50","heated",0.743,8,300,"ul","1,5 glass vial",1000,"ul","rockroll",35,NA,20
NA,NA,1,"a","experiment",3,"CE.LIQ.FLOW.062",2020-11-30,"Sergio Reijnders - Ellis Herder",68,"hour",50,124,"124-18-5","decane","4.9899999999999996E-3","nM","Liquid","controlVehicleA","N2",25,"OP50","heated",0.743,8,300,"ul","1,5 glass vial",1000,"ul","rockroll",35,NA,20
NA,NA,1,"b","experiment",3,"CE.LIQ.FLOW.062",2020-11-30,"Sergio Reijnders - Ellis Herder",68,"hour",50,101,"124-18-5","decane","4.9899999999999996E-3","nM","Liquid","controlVehicleA","N2",25,"OP50","heated",0.743,8,300,"ul","1,5 glass vial",1000,"ul","rockroll",35,NA,20
NA,NA,1,"c","experiment",3,"CE.LIQ.FLOW.062",2020-11-30,"Sergio Reijnders - Ellis Herder",68,"hour",50,102,"124-18-5","decane","4.9899999999999996E-3","nM","Liquid","controlVehicleA","N2",25,"OP50","heated",0.743,8,300,"ul","1,5 glass vial",1000,"ul","rockroll",35,NA,20
NA,NA,1,"d","experiment",3,"CE.LIQ.FLOW.062",2020-11-30,"Sergio Reijnders - Ellis Herder",68,"hour",50,86,"124-18-5","decane","4.9899999999999996E-3","nM","Liquid","controlVehicleA","N2",25,"OP50","heated",0.743,8,300,"ul","1,5 glass vial",1000,"ul","rockroll",35,NA,20
NA,NA,1,"e","experiment",3,"CE.LIQ.FLOW.062",2020-11-30,"Sergio Reijnders - Ellis Herder",68,"hour",50,84,"124-18-5","decane","4.9899999999999996E-3","nM","Liquid","controlVehicleA","N2",25,"OP50","heated",0.743,8,300,"ul","1,5 glass vial",1000,"ul","rockroll",35,NA,20
NA,NA,2,"a","experiment",3,"CE.LIQ.FLOW.062",2020-11-30,"Sergio Reijnders - Ellis Herder",68,"hour",50,96,"124-18-5","decane","4.9899999999999996E-3","nM","Liquid","controlVehicleA","N2",25,"OP50","heated",0.743,8,300,"ul","1,5 glass vial",1000,"ul","rockroll",35,NA,20
NA,NA,2,"b","experiment",3,"CE.LIQ.FLOW.062",2020-11-30,"Sergio Reijnders - Ellis Herder",68,"hour",50,108,"124-18-5","decane","4.9899999999999996E-3","nM","Liquid","controlVehicleA","N2",25,"OP50","heated",0.743,8,300,"ul","1,5 glass vial",1000,"ul","rockroll",35,NA,20
NA,NA,2,"c","experiment",3,"CE.LIQ.FLOW.062",2020-11-30,"Sergio Reijnders - Ellis Herder",68,"hour",50,74,"124-18-5","decane","4.9899999999999996E-3","nM","Liquid","controlVehicleA","N2",25,"OP50","heated",0.743,8,300,"ul","1,5 glass vial",1000,"ul","rockroll",35,NA,20
NA,NA,2,"d","experiment",3,"CE.LIQ.FLOW.062",2020-11-30,"Sergio Reijnders - Ellis Herder",68,"hour",50,70,"124-18-5","decane","4.9899999999999996E-3","nM","Liquid","controlVehicleA","N2",25,"OP50","heated",0.743,8,300,"ul","1,5 glass vial",1000,"ul","rockroll",35,NA,20
NA,NA,2,"e","experiment",3,"CE.LIQ.FLOW.062",2020-11-30,"Sergio Reijnders - Ellis Herder",68,"hour",50,78,"124-18-5","decane","4.9899999999999996E-3","nM","Liquid","controlVehicleA","N2",25,"OP50","heated",0.743,8,300,"ul","1,5 glass vial",1000,"ul","rockroll",35,NA,20
NA,NA,3,"a","experiment",3,"CE.LIQ.FLOW.062",2020-11-30,"Sergio Reijnders - Ellis Herder",68,"hour",50,93,"124-18-5","decane","4.9899999999999996E-3","nM","Liquid","controlVehicleA","N2",25,"OP50","heated",0.743,8,300,"ul","1,5 glass vial",1000,"ul","rockroll",35,NA,20
NA,NA,3,"b","experiment",3,"CE.LIQ.FLOW.062",2020-11-30,"Sergio Reijnders - Ellis Herder",68,"hour",50,93,"124-18-5","decane","4.9899999999999996E-3","nM","Liquid","controlVehicleA","N2",25,"OP50","heated",0.743,8,300,"ul","1,5 glass vial",1000,"ul","rockroll",35,NA,20
NA,NA,3,"c","experiment",3,"CE.LIQ.FLOW.062",2020-11-30,"Sergio Reijnders - Ellis Herder",68,"hour",50,95,"124-18-5","decane","4.9899999999999996E-3","nM","Liquid","controlVehicleA","N2",25,"OP50","heated",0.743,8,300,"ul","1,5 glass vial",1000,"ul","rockroll",35,NA,20
NA,NA,3,"d","experiment",3,"CE.LIQ.FLOW.062",2020-11-30,"Sergio Reijnders - Ellis Herder",68,"hour",50,83,"124-18-5","decane","4.9899999999999996E-3","nM","Liquid","controlVehicleA","N2",25,"OP50","heated",0.743,8,300,"ul","1,5 glass vial",1000,"ul","rockroll",35,NA,20
NA,NA,3,"e","experiment",3,"CE.LIQ.FLOW.062",2020-11-30,"Sergio Reijnders - Ellis Herder",68,"hour",50,95,"124-18-5","decane","4.9899999999999996E-3","nM","Liquid","controlVehicleA","N2",25,"OP50","heated",0.743,8,300,"ul","1,5 glass vial",1000,"ul","rockroll",35,NA,20
NA,NA,1,"a","experiment",3,"CE.LIQ.FLOW.062",2020-11-30,"Sergio Reijnders - Ellis Herder",68,"hour",50,80,"124-18-5","decane","4.9899999999999999E-4","nM","Liquid","controlVehicleA","N2",25,"OP50","heated",0.743,8,300,"ul","1,5 glass vial",1000,"ul","rockroll",35,NA,20
NA,NA,1,"b","experiment",3,"CE.LIQ.FLOW.062",2020-11-30,"Sergio Reijnders - Ellis Herder",68,"hour",50,92,"124-18-5","decane","4.9899999999999999E-4","nM","Liquid","controlVehicleA","N2",25,"OP50","heated",0.743,8,300,"ul","1,5 glass vial",1000,"ul","rockroll",35,NA,20
NA,NA,1,"c","experiment",3,"CE.LIQ.FLOW.062",2020-11-30,"Sergio Reijnders - Ellis Herder",68,"hour",50,100,"124-18-5","decane","4.9899999999999999E-4","nM","Liquid","controlVehicleA","N2",25,"OP50","heated",0.743,8,300,"ul","1,5 glass vial",1000,"ul","rockroll",35,NA,20
NA,NA,1,"d","experiment",3,"CE.LIQ.FLOW.062",2020-11-30,"Sergio Reijnders - Ellis Herder",68,"hour",50,82,"124-18-5","decane","4.9899999999999999E-4","nM","Liquid","controlVehicleA","N2",25,"OP50","heated",0.743,8,300,"ul","1,5 glass vial",1000,"ul","rockroll",35,NA,20
NA,NA,1,"e","experiment",3,"CE.LIQ.FLOW.062",2020-11-30,"Sergio Reijnders - Ellis Herder",68,"hour",50,94,"124-18-5","decane","4.9899999999999999E-4","nM","Liquid","controlVehicleA","N2",25,"OP50","heated",0.743,8,300,"ul","1,5 glass vial",1000,"ul","rockroll",35,NA,20
NA,NA,2,"a","experiment",3,"CE.LIQ.FLOW.062",2020-11-30,"Sergio Reijnders - Ellis Herder",68,"hour",50,85,"124-18-5","decane","4.9899999999999999E-4","nM","Liquid","controlVehicleA","N2",25,"OP50","heated",0.743,8,300,"ul","1,5 glass vial",1000,"ul","rockroll",35,NA,20
NA,NA,2,"b","experiment",3,"CE.LIQ.FLOW.062",2020-11-30,"Sergio Reijnders - Ellis Herder",68,"hour",50,91,"124-18-5","decane","4.9899999999999999E-4","nM","Liquid","controlVehicleA","N2",25,"OP50","heated",0.743,8,300,"ul","1,5 glass vial",1000,"ul","rockroll",35,NA,20
NA,NA,2,"c","experiment",3,"CE.LIQ.FLOW.062",2020-11-30,"Sergio Reijnders - Ellis Herder",68,"hour",50,91,"124-18-5","decane","4.9899999999999999E-4","nM","Liquid","controlVehicleA","N2",25,"OP50","heated",0.743,8,300,"ul","1,5 glass vial",1000,"ul","rockroll",35,NA,20
NA,NA,2,"d","experiment",3,"CE.LIQ.FLOW.062",2020-11-30,"Sergio Reijnders - Ellis Herder",68,"hour",50,113,"124-18-5","decane","4.9899999999999999E-4","nM","Liquid","controlVehicleA","N2",25,"OP50","heated",0.743,8,300,"ul","1,5 glass vial",1000,"ul","rockroll",35,NA,20
NA,NA,2,"e","experiment",3,"CE.LIQ.FLOW.062",2020-11-30,"Sergio Reijnders - Ellis Herder",68,"hour",50,117,"124-18-5","decane","4.9899999999999999E-4","nM","Liquid","controlVehicleA","N2",25,"OP50","heated",0.743,8,300,"ul","1,5 glass vial",1000,"ul","rockroll",35,NA,20
NA,NA,3,"a","experiment",3,"CE.LIQ.FLOW.062",2020-11-30,"Sergio Reijnders - Ellis Herder",68,"hour",50,86,"124-18-5","decane","4.9899999999999999E-4","nM","Liquid","controlVehicleA","N2",25,"OP50","heated",0.743,8,300,"ul","1,5 glass vial",1000,"ul","rockroll",35,NA,20
NA,NA,3,"b","experiment",3,"CE.LIQ.FLOW.062",2020-11-30,"Sergio Reijnders - Ellis Herder",68,"hour",50,100,"124-18-5","decane","4.9899999999999999E-4","nM","Liquid","controlVehicleA","N2",25,"OP50","heated",0.743,8,300,"ul","1,5 glass vial",1000,"ul","rockroll",35,NA,20
NA,NA,3,"c","experiment",3,"CE.LIQ.FLOW.062",2020-11-30,"Sergio Reijnders - Ellis Herder",68,"hour",50,93,"124-18-5","decane","4.9899999999999999E-4","nM","Liquid","controlVehicleA","N2",25,"OP50","heated",0.743,8,300,"ul","1,5 glass vial",1000,"ul","rockroll",35,NA,20
NA,NA,3,"d","experiment",3,"CE.LIQ.FLOW.062",2020-11-30,"Sergio Reijnders - Ellis Herder",68,"hour",50,79,"124-18-5","decane","4.9899999999999999E-4","nM","Liquid","controlVehicleA","N2",25,"OP50","heated",0.743,8,300,"ul","1,5 glass vial",1000,"ul","rockroll",35,NA,20
NA,NA,3,"e","experiment",3,"CE.LIQ.FLOW.062",2020-11-30,"Sergio Reijnders - Ellis Herder",68,"hour",50,89,"124-18-5","decane","4.9899999999999999E-4","nM","Liquid","controlVehicleA","N2",25,"OP50","heated",0.743,8,300,"ul","1,5 glass vial",1000,"ul","rockroll",35,NA,20
NA,NA,1,"a","experiment",3,"CE.LIQ.FLOW.062",2020-11-30,"Sergio Reijnders - Ellis Herder",68,"hour",50,78,"124-18-5","decane","4.99E-5","nM","Liquid","controlVehicleA","N2",25,"OP50","heated",0.743,8,300,"ul","1,5 glass vial",1000,"ul","rockroll",35,NA,20
NA,NA,1,"b","experiment",3,"CE.LIQ.FLOW.062",2020-11-30,"Sergio Reijnders - Ellis Herder",68,"hour",50,91,"124-18-5","decane","4.99E-5","nM","Liquid","controlVehicleA","N2",25,"OP50","heated",0.743,8,300,"ul","1,5 glass vial",1000,"ul","rockroll",35,NA,20
NA,NA,1,"c","experiment",3,"CE.LIQ.FLOW.062",2020-11-30,"Sergio Reijnders - Ellis Herder",68,"hour",50,85,"124-18-5","decane","4.99E-5","nM","Liquid","controlVehicleA","N2",25,"OP50","heated",0.743,8,300,"ul","1,5 glass vial",1000,"ul","rockroll",35,NA,20
NA,NA,1,"d","experiment",3,"CE.LIQ.FLOW.062",2020-11-30,"Sergio Reijnders - Ellis Herder",68,"hour",50,87,"124-18-5","decane","4.99E-5","nM","Liquid","controlVehicleA","N2",25,"OP50","heated",0.743,8,300,"ul","1,5 glass vial",1000,"ul","rockroll",35,NA,20
NA,NA,1,"e","experiment",3,"CE.LIQ.FLOW.062",2020-11-30,"Sergio Reijnders - Ellis Herder",68,"hour",50,103,"124-18-5","decane","4.99E-5","nM","Liquid","controlVehicleA","N2",25,"OP50","heated",0.743,8,300,"ul","1,5 glass vial",1000,"ul","rockroll",35,NA,20
NA,NA,2,"a","experiment",3,"CE.LIQ.FLOW.062",2020-11-30,"Sergio Reijnders - Ellis Herder",68,"hour",50,85,"124-18-5","decane","4.99E-5","nM","Liquid","controlVehicleA","N2",25,"OP50","heated",0.743,8,300,"ul","1,5 glass vial",1000,"ul","rockroll",35,NA,20
NA,NA,2,"b","experiment",3,"CE.LIQ.FLOW.062",2020-11-30,"Sergio Reijnders - Ellis Herder",68,"hour",50,87,"124-18-5","decane","4.99E-5","nM","Liquid","controlVehicleA","N2",25,"OP50","heated",0.743,8,300,"ul","1,5 glass vial",1000,"ul","rockroll",35,NA,20
NA,NA,2,"c","experiment",3,"CE.LIQ.FLOW.062",2020-11-30,"Sergio Reijnders - Ellis Herder",68,"hour",50,103,"124-18-5","decane","4.99E-5","nM","Liquid","controlVehicleA","N2",25,"OP50","heated",0.743,8,300,"ul","1,5 glass vial",1000,"ul","rockroll",35,NA,20
NA,NA,2,"d","experiment",3,"CE.LIQ.FLOW.062",2020-11-30,"Sergio Reijnders - Ellis Herder",68,"hour",50,85,"124-18-5","decane","4.99E-5","nM","Liquid","controlVehicleA","N2",25,"OP50","heated",0.743,8,300,"ul","1,5 glass vial",1000,"ul","rockroll",35,NA,20
NA,NA,2,"e","experiment",3,"CE.LIQ.FLOW.062",2020-11-30,"Sergio Reijnders - Ellis Herder",68,"hour",50,89,"124-18-5","decane","4.99E-5","nM","Liquid","controlVehicleA","N2",25,"OP50","heated",0.743,8,300,"ul","1,5 glass vial",1000,"ul","rockroll",35,NA,20
NA,NA,3,"a","experiment",3,"CE.LIQ.FLOW.062",2020-11-30,"Sergio Reijnders - Ellis Herder",68,"hour",50,82,"124-18-5","decane","4.99E-5","nM","Liquid","controlVehicleA","N2",25,"OP50","heated",0.743,8,300,"ul","1,5 glass vial",1000,"ul","rockroll",35,NA,20
NA,NA,3,"b","experiment",3,"CE.LIQ.FLOW.062",2020-11-30,"Sergio Reijnders - Ellis Herder",68,"hour",50,93,"124-18-5","decane","4.99E-5","nM","Liquid","controlVehicleA","N2",25,"OP50","heated",0.743,8,300,"ul","1,5 glass vial",1000,"ul","rockroll",35,NA,20
NA,NA,3,"c","experiment",3,"CE.LIQ.FLOW.062",2020-11-30,"Sergio Reijnders - Ellis Herder",68,"hour",50,84,"124-18-5","decane","4.99E-5","nM","Liquid","controlVehicleA","N2",25,"OP50","heated",0.743,8,300,"ul","1,5 glass vial",1000,"ul","rockroll",35,NA,20
NA,NA,3,"d","experiment",3,"CE.LIQ.FLOW.062",2020-11-30,"Sergio Reijnders - Ellis Herder",68,"hour",50,110,"124-18-5","decane","4.99E-5","nM","Liquid","controlVehicleA","N2",25,"OP50","heated",0.743,8,300,"ul","1,5 glass vial",1000,"ul","rockroll",35,NA,20
NA,NA,3,"e","experiment",3,"CE.LIQ.FLOW.062",2020-11-30,"Sergio Reijnders - Ellis Herder",68,"hour",50,85,"124-18-5","decane","4.99E-5","nM","Liquid","controlVehicleA","N2",25,"OP50","heated",0.743,8,300,"ul","1,5 glass vial",1000,"ul","rockroll",35,NA,20
NA,NA,1,"a","experiment",3,"CE.LIQ.FLOW.062",2020-11-30,"Sergio Reijnders - Ellis Herder",68,"hour",50,3,"91-20-3","naphthalene","19.5","nM","Liquid","controlVehicleA","N2",25,"OP50","heated",0.743,8,300,"ul","1,5 glass vial",1000,"ul","rockroll",35,NA,20
NA,NA,1,"b","experiment",3,"CE.LIQ.FLOW.062",2020-11-30,"Sergio Reijnders - Ellis Herder",68,"hour",50,2,"91-20-3","naphthalene","19.5","nM","Liquid","controlVehicleA","N2",25,"OP50","heated",0.743,8,300,"ul","1,5 glass vial",1000,"ul","rockroll",35,NA,20
NA,NA,1,"c","experiment",3,"CE.LIQ.FLOW.062",2020-11-30,"Sergio Reijnders - Ellis Herder",68,"hour",50,0,"91-20-3","naphthalene","19.5","nM","Liquid","controlVehicleA","N2",25,"OP50","heated",0.743,8,300,"ul","1,5 glass vial",1000,"ul","rockroll",35,NA,20
NA,NA,1,"d","experiment",3,"CE.LIQ.FLOW.062",2020-11-30,"Sergio Reijnders - Ellis Herder",68,"hour",50,0,"91-20-3","naphthalene","19.5","nM","Liquid","controlVehicleA","N2",25,"OP50","heated",0.743,8,300,"ul","1,5 glass vial",1000,"ul","rockroll",35,NA,20
NA,NA,1,"e","experiment",3,"CE.LIQ.FLOW.062",2020-11-30,"Sergio Reijnders - Ellis Herder",68,"hour",50,2,"91-20-3","naphthalene","19.5","nM","Liquid","controlVehicleA","N2",25,"OP50","heated",0.743,8,300,"ul","1,5 glass vial",1000,"ul","rockroll",35,NA,20
NA,NA,2,"a","experiment",3,"CE.LIQ.FLOW.062",2020-11-30,"Sergio Reijnders - Ellis Herder",68,"hour",50,2,"91-20-3","naphthalene","19.5","nM","Liquid","controlVehicleA","N2",25,"OP50","heated",0.743,8,300,"ul","1,5 glass vial",1000,"ul","rockroll",35,NA,20
NA,NA,2,"b","experiment",3,"CE.LIQ.FLOW.062",2020-11-30,"Sergio Reijnders - Ellis Herder",68,"hour",50,0,"91-20-3","naphthalene","19.5","nM","Liquid","controlVehicleA","N2",25,"OP50","heated",0.743,8,300,"ul","1,5 glass vial",1000,"ul","rockroll",35,NA,20
NA,NA,2,"c","experiment",3,"CE.LIQ.FLOW.062",2020-11-30,"Sergio Reijnders - Ellis Herder",68,"hour",50,0,"91-20-3","naphthalene","19.5","nM","Liquid","controlVehicleA","N2",25,"OP50","heated",0.743,8,300,"ul","1,5 glass vial",1000,"ul","rockroll",35,NA,20
NA,NA,2,"d","experiment",3,"CE.LIQ.FLOW.062",2020-11-30,"Sergio Reijnders - Ellis Herder",68,"hour",50,1,"91-20-3","naphthalene","19.5","nM","Liquid","controlVehicleA","N2",25,"OP50","heated",0.743,8,300,"ul","1,5 glass vial",1000,"ul","rockroll",35,NA,20
NA,NA,2,"e","experiment",3,"CE.LIQ.FLOW.062",2020-11-30,"Sergio Reijnders - Ellis Herder",68,"hour",50,1,"91-20-3","naphthalene","19.5","nM","Liquid","controlVehicleA","N2",25,"OP50","heated",0.743,8,300,"ul","1,5 glass vial",1000,"ul","rockroll",35,NA,20
NA,NA,3,"a","experiment",3,"CE.LIQ.FLOW.062",2020-11-30,"Sergio Reijnders - Ellis Herder",68,"hour",50,NA,"91-20-3","naphthalene","19.5","nM","Liquid","controlVehicleA","N2",25,"OP50","heated",0.743,8,300,"ul","1,5 glass vial",1000,"ul","rockroll",35,NA,20
NA,NA,3,"b","experiment",3,"CE.LIQ.FLOW.062",2020-11-30,"Sergio Reijnders - Ellis Herder",68,"hour",50,NA,"91-20-3","naphthalene","19.5","nM","Liquid","controlVehicleA","N2",25,"OP50","heated",0.743,8,300,"ul","1,5 glass vial",1000,"ul","rockroll",35,NA,20
NA,NA,3,"c","experiment",3,"CE.LIQ.FLOW.062",2020-11-30,"Sergio Reijnders - Ellis Herder",68,"hour",50,NA,"91-20-3","naphthalene","19.5","nM","Liquid","controlVehicleA","N2",25,"OP50","heated",0.743,8,300,"ul","1,5 glass vial",1000,"ul","rockroll",35,NA,20
NA,NA,3,"d","experiment",3,"CE.LIQ.FLOW.062",2020-11-30,"Sergio Reijnders - Ellis Herder",68,"hour",50,NA,"91-20-3","naphthalene","19.5","nM","Liquid","controlVehicleA","N2",25,"OP50","heated",0.743,8,300,"ul","1,5 glass vial",1000,"ul","rockroll",35,NA,20
NA,NA,3,"e","experiment",3,"CE.LIQ.FLOW.062",2020-11-30,"Sergio Reijnders - Ellis Herder",68,"hour",50,NA,"91-20-3","naphthalene","19.5","nM","Liquid","controlVehicleA","N2",25,"OP50","heated",0.743,8,300,"ul","1,5 glass vial",1000,"ul","rockroll",35,NA,20
NA,NA,1,"a","experiment",3,"CE.LIQ.FLOW.062",2020-11-30,"Sergio Reijnders - Ellis Herder",68,"hour",50,67,"91-20-3","naphthalene","1.95","nM","Liquid","controlVehicleA","N2",25,"OP50","heated",0.743,8,300,"ul","1,5 glass vial",1000,"ul","rockroll",35,NA,20
NA,NA,1,"b","experiment",3,"CE.LIQ.FLOW.062",2020-11-30,"Sergio Reijnders - Ellis Herder",68,"hour",50,69,"91-20-3","naphthalene","1.95","nM","Liquid","controlVehicleA","N2",25,"OP50","heated",0.743,8,300,"ul","1,5 glass vial",1000,"ul","rockroll",35,NA,20
NA,NA,1,"c","experiment",3,"CE.LIQ.FLOW.062",2020-11-30,"Sergio Reijnders - Ellis Herder",68,"hour",50,64,"91-20-3","naphthalene","1.95","nM","Liquid","controlVehicleA","N2",25,"OP50","heated",0.743,8,300,"ul","1,5 glass vial",1000,"ul","rockroll",35,NA,20
NA,NA,1,"d","experiment",3,"CE.LIQ.FLOW.062",2020-11-30,"Sergio Reijnders - Ellis Herder",68,"hour",50,45,"91-20-3","naphthalene","1.95","nM","Liquid","controlVehicleA","N2",25,"OP50","heated",0.743,8,300,"ul","1,5 glass vial",1000,"ul","rockroll",35,NA,20
NA,NA,1,"e","experiment",3,"CE.LIQ.FLOW.062",2020-11-30,"Sergio Reijnders - Ellis Herder",68,"hour",50,53,"91-20-3","naphthalene","1.95","nM","Liquid","controlVehicleA","N2",25,"OP50","heated",0.743,8,300,"ul","1,5 glass vial",1000,"ul","rockroll",35,NA,20
NA,NA,2,"a","experiment",3,"CE.LIQ.FLOW.062",2020-11-30,"Sergio Reijnders - Ellis Herder",68,"hour",50,78,"91-20-3","naphthalene","1.95","nM","Liquid","controlVehicleA","N2",25,"OP50","heated",0.743,8,300,"ul","1,5 glass vial",1000,"ul","rockroll",35,NA,20
NA,NA,2,"b","experiment",3,"CE.LIQ.FLOW.062",2020-11-30,"Sergio Reijnders - Ellis Herder",68,"hour",50,74,"91-20-3","naphthalene","1.95","nM","Liquid","controlVehicleA","N2",25,"OP50","heated",0.743,8,300,"ul","1,5 glass vial",1000,"ul","rockroll",35,NA,20
NA,NA,2,"c","experiment",3,"CE.LIQ.FLOW.062",2020-11-30,"Sergio Reijnders - Ellis Herder",68,"hour",50,72,"91-20-3","naphthalene","1.95","nM","Liquid","controlVehicleA","N2",25,"OP50","heated",0.743,8,300,"ul","1,5 glass vial",1000,"ul","rockroll",35,NA,20
NA,NA,2,"d","experiment",3,"CE.LIQ.FLOW.062",2020-11-30,"Sergio Reijnders - Ellis Herder",68,"hour",50,58,"91-20-3","naphthalene","1.95","nM","Liquid","controlVehicleA","N2",25,"OP50","heated",0.743,8,300,"ul","1,5 glass vial",1000,"ul","rockroll",35,NA,20
NA,NA,2,"e","experiment",3,"CE.LIQ.FLOW.062",2020-11-30,"Sergio Reijnders - Ellis Herder",68,"hour",50,60,"91-20-3","naphthalene","1.95","nM","Liquid","controlVehicleA","N2",25,"OP50","heated",0.743,8,300,"ul","1,5 glass vial",1000,"ul","rockroll",35,NA,20
NA,NA,3,"a","experiment",3,"CE.LIQ.FLOW.062",2020-11-30,"Sergio Reijnders - Ellis Herder",68,"hour",50,59,"91-20-3","naphthalene","1.95","nM","Liquid","controlVehicleA","N2",25,"OP50","heated",0.743,8,300,"ul","1,5 glass vial",1000,"ul","rockroll",35,NA,20
NA,NA,3,"b","experiment",3,"CE.LIQ.FLOW.062",2020-11-30,"Sergio Reijnders - Ellis Herder",68,"hour",50,53,"91-20-3","naphthalene","1.95","nM","Liquid","controlVehicleA","N2",25,"OP50","heated",0.743,8,300,"ul","1,5 glass vial",1000,"ul","rockroll",35,NA,20
NA,NA,3,"c","experiment",3,"CE.LIQ.FLOW.062",2020-11-30,"Sergio Reijnders - Ellis Herder",68,"hour",50,63,"91-20-3","naphthalene","1.95","nM","Liquid","controlVehicleA","N2",25,"OP50","heated",0.743,8,300,"ul","1,5 glass vial",1000,"ul","rockroll",35,NA,20
NA,NA,3,"d","experiment",3,"CE.LIQ.FLOW.062",2020-11-30,"Sergio Reijnders - Ellis Herder",68,"hour",50,67,"91-20-3","naphthalene","1.95","nM","Liquid","controlVehicleA","N2",25,"OP50","heated",0.743,8,300,"ul","1,5 glass vial",1000,"ul","rockroll",35,NA,20
NA,NA,3,"e","experiment",3,"CE.LIQ.FLOW.062",2020-11-30,"Sergio Reijnders - Ellis Herder",68,"hour",50,71,"91-20-3","naphthalene","1.95","nM","Liquid","controlVehicleA","N2",25,"OP50","heated",0.743,8,300,"ul","1,5 glass vial",1000,"ul","rockroll",35,NA,20
NA,NA,1,"a","experiment",3,"CE.LIQ.FLOW.062",2020-11-30,"Sergio Reijnders - Ellis Herder",68,"hour",50,69,"91-20-3","naphthalene","0.19500000000000001","nM","Liquid","controlVehicleA","N2",25,"OP50","heated",0.743,8,300,"ul","1,5 glass vial",1000,"ul","rockroll",35,NA,20
NA,NA,1,"b","experiment",3,"CE.LIQ.FLOW.062",2020-11-30,"Sergio Reijnders - Ellis Herder",68,"hour",50,65,"91-20-3","naphthalene","0.19500000000000001","nM","Liquid","controlVehicleA","N2",25,"OP50","heated",0.743,8,300,"ul","1,5 glass vial",1000,"ul","rockroll",35,NA,20
NA,NA,1,"c","experiment",3,"CE.LIQ.FLOW.062",2020-11-30,"Sergio Reijnders - Ellis Herder",68,"hour",50,53,"91-20-3","naphthalene","0.19500000000000001","nM","Liquid","controlVehicleA","N2",25,"OP50","heated",0.743,8,300,"ul","1,5 glass vial",1000,"ul","rockroll",35,NA,20
NA,NA,1,"d","experiment",3,"CE.LIQ.FLOW.062",2020-11-30,"Sergio Reijnders - Ellis Herder",68,"hour",50,66,"91-20-3","naphthalene","0.19500000000000001","nM","Liquid","controlVehicleA","N2",25,"OP50","heated",0.743,8,300,"ul","1,5 glass vial",1000,"ul","rockroll",35,NA,20
NA,NA,1,"e","experiment",3,"CE.LIQ.FLOW.062",2020-11-30,"Sergio Reijnders - Ellis Herder",68,"hour",50,50,"91-20-3","naphthalene","0.19500000000000001","nM","Liquid","controlVehicleA","N2",25,"OP50","heated",0.743,8,300,"ul","1,5 glass vial",1000,"ul","rockroll",35,NA,20
NA,NA,2,"a","experiment",3,"CE.LIQ.FLOW.062",2020-11-30,"Sergio Reijnders - Ellis Herder",68,"hour",50,58,"91-20-3","naphthalene","0.19500000000000001","nM","Liquid","controlVehicleA","N2",25,"OP50","heated",0.743,8,300,"ul","1,5 glass vial",1000,"ul","rockroll",35,NA,20
NA,NA,2,"b","experiment",3,"CE.LIQ.FLOW.062",2020-11-30,"Sergio Reijnders - Ellis Herder",68,"hour",50,68,"91-20-3","naphthalene","0.19500000000000001","nM","Liquid","controlVehicleA","N2",25,"OP50","heated",0.743,8,300,"ul","1,5 glass vial",1000,"ul","rockroll",35,NA,20
NA,NA,2,"c","experiment",3,"CE.LIQ.FLOW.062",2020-11-30,"Sergio Reijnders - Ellis Herder",68,"hour",50,54,"91-20-3","naphthalene","0.19500000000000001","nM","Liquid","controlVehicleA","N2",25,"OP50","heated",0.743,8,300,"ul","1,5 glass vial",1000,"ul","rockroll",35,NA,20
NA,NA,2,"d","experiment",3,"CE.LIQ.FLOW.062",2020-11-30,"Sergio Reijnders - Ellis Herder",68,"hour",50,79,"91-20-3","naphthalene","0.19500000000000001","nM","Liquid","controlVehicleA","N2",25,"OP50","heated",0.743,8,300,"ul","1,5 glass vial",1000,"ul","rockroll",35,NA,20
NA,NA,2,"e","experiment",3,"CE.LIQ.FLOW.062",2020-11-30,"Sergio Reijnders - Ellis Herder",68,"hour",50,58,"91-20-3","naphthalene","0.19500000000000001","nM","Liquid","controlVehicleA","N2",25,"OP50","heated",0.743,8,300,"ul","1,5 glass vial",1000,"ul","rockroll",35,NA,20
NA,NA,3,"a","experiment",3,"CE.LIQ.FLOW.062",2020-11-30,"Sergio Reijnders - Ellis Herder",68,"hour",50,71,"91-20-3","naphthalene","0.19500000000000001","nM","Liquid","controlVehicleA","N2",25,"OP50","heated",0.743,8,300,"ul","1,5 glass vial",1000,"ul","rockroll",35,NA,20
NA,NA,3,"b","experiment",3,"CE.LIQ.FLOW.062",2020-11-30,"Sergio Reijnders - Ellis Herder",68,"hour",50,69,"91-20-3","naphthalene","0.19500000000000001","nM","Liquid","controlVehicleA","N2",25,"OP50","heated",0.743,8,300,"ul","1,5 glass vial",1000,"ul","rockroll",35,NA,20
NA,NA,3,"c","experiment",3,"CE.LIQ.FLOW.062",2020-11-30,"Sergio Reijnders - Ellis Herder",68,"hour",50,67,"91-20-3","naphthalene","0.19500000000000001","nM","Liquid","controlVehicleA","N2",25,"OP50","heated",0.743,8,300,"ul","1,5 glass vial",1000,"ul","rockroll",35,NA,20
NA,NA,3,"d","experiment",3,"CE.LIQ.FLOW.062",2020-11-30,"Sergio Reijnders - Ellis Herder",68,"hour",50,63,"91-20-3","naphthalene","0.19500000000000001","nM","Liquid","controlVehicleA","N2",25,"OP50","heated",0.743,8,300,"ul","1,5 glass vial",1000,"ul","rockroll",35,NA,20
NA,NA,3,"e","experiment",3,"CE.LIQ.FLOW.062",2020-11-30,"Sergio Reijnders - Ellis Herder",68,"hour",50,60,"91-20-3","naphthalene","0.19500000000000001","nM","Liquid","controlVehicleA","N2",25,"OP50","heated",0.743,8,300,"ul","1,5 glass vial",1000,"ul","rockroll",35,NA,20
NA,NA,1,"a","experiment",3,"CE.LIQ.FLOW.062",2020-11-30,"Sergio Reijnders - Ellis Herder",68,"hour",50,82,"91-20-3","naphthalene","1.95E-2","nM","Liquid","controlVehicleA","N2",25,"OP50","heated",0.743,8,300,"ul","1,5 glass vial",1000,"ul","rockroll",35,NA,20
NA,NA,1,"b","experiment",3,"CE.LIQ.FLOW.062",2020-11-30,"Sergio Reijnders - Ellis Herder",68,"hour",50,99,"91-20-3","naphthalene","1.95E-2","nM","Liquid","controlVehicleA","N2",25,"OP50","heated",0.743,8,300,"ul","1,5 glass vial",1000,"ul","rockroll",35,NA,20
NA,NA,1,"c","experiment",3,"CE.LIQ.FLOW.062",2020-11-30,"Sergio Reijnders - Ellis Herder",68,"hour",50,76,"91-20-3","naphthalene","1.95E-2","nM","Liquid","controlVehicleA","N2",25,"OP50","heated",0.743,8,300,"ul","1,5 glass vial",1000,"ul","rockroll",35,NA,20
NA,NA,1,"d","experiment",3,"CE.LIQ.FLOW.062",2020-11-30,"Sergio Reijnders - Ellis Herder",68,"hour",50,64,"91-20-3","naphthalene","1.95E-2","nM","Liquid","controlVehicleA","N2",25,"OP50","heated",0.743,8,300,"ul","1,5 glass vial",1000,"ul","rockroll",35,NA,20
NA,NA,1,"e","experiment",3,"CE.LIQ.FLOW.062",2020-11-30,"Sergio Reijnders - Ellis Herder",68,"hour",50,73,"91-20-3","naphthalene","1.95E-2","nM","Liquid","controlVehicleA","N2",25,"OP50","heated",0.743,8,300,"ul","1,5 glass vial",1000,"ul","rockroll",35,NA,20
NA,NA,2,"a","experiment",3,"CE.LIQ.FLOW.062",2020-11-30,"Sergio Reijnders - Ellis Herder",68,"hour",50,57,"91-20-3","naphthalene","1.95E-2","nM","Liquid","controlVehicleA","N2",25,"OP50","heated",0.743,8,300,"ul","1,5 glass vial",1000,"ul","rockroll",35,NA,20
NA,NA,2,"b","experiment",3,"CE.LIQ.FLOW.062",2020-11-30,"Sergio Reijnders - Ellis Herder",68,"hour",50,67,"91-20-3","naphthalene","1.95E-2","nM","Liquid","controlVehicleA","N2",25,"OP50","heated",0.743,8,300,"ul","1,5 glass vial",1000,"ul","rockroll",35,NA,20
NA,NA,2,"c","experiment",3,"CE.LIQ.FLOW.062",2020-11-30,"Sergio Reijnders - Ellis Herder",68,"hour",50,70,"91-20-3","naphthalene","1.95E-2","nM","Liquid","controlVehicleA","N2",25,"OP50","heated",0.743,8,300,"ul","1,5 glass vial",1000,"ul","rockroll",35,NA,20
NA,NA,2,"d","experiment",3,"CE.LIQ.FLOW.062",2020-11-30,"Sergio Reijnders - Ellis Herder",68,"hour",50,91,"91-20-3","naphthalene","1.95E-2","nM","Liquid","controlVehicleA","N2",25,"OP50","heated",0.743,8,300,"ul","1,5 glass vial",1000,"ul","rockroll",35,NA,20
NA,NA,2,"e","experiment",3,"CE.LIQ.FLOW.062",2020-11-30,"Sergio Reijnders - Ellis Herder",68,"hour",50,69,"91-20-3","naphthalene","1.95E-2","nM","Liquid","controlVehicleA","N2",25,"OP50","heated",0.743,8,300,"ul","1,5 glass vial",1000,"ul","rockroll",35,NA,20
NA,NA,3,"a","experiment",3,"CE.LIQ.FLOW.062",2020-11-30,"Sergio Reijnders - Ellis Herder",68,"hour",50,67,"91-20-3","naphthalene","1.95E-2","nM","Liquid","controlVehicleA","N2",25,"OP50","heated",0.743,8,300,"ul","1,5 glass vial",1000,"ul","rockroll",35,NA,20
NA,NA,3,"b","experiment",3,"CE.LIQ.FLOW.062",2020-11-30,"Sergio Reijnders - Ellis Herder",68,"hour",50,107,"91-20-3","naphthalene","1.95E-2","nM","Liquid","controlVehicleA","N2",25,"OP50","heated",0.743,8,300,"ul","1,5 glass vial",1000,"ul","rockroll",35,NA,20
NA,NA,3,"c","experiment",3,"CE.LIQ.FLOW.062",2020-11-30,"Sergio Reijnders - Ellis Herder",68,"hour",50,80,"91-20-3","naphthalene","1.95E-2","nM","Liquid","controlVehicleA","N2",25,"OP50","heated",0.743,8,300,"ul","1,5 glass vial",1000,"ul","rockroll",35,NA,20
NA,NA,3,"d","experiment",3,"CE.LIQ.FLOW.062",2020-11-30,"Sergio Reijnders - Ellis Herder",68,"hour",50,75,"91-20-3","naphthalene","1.95E-2","nM","Liquid","controlVehicleA","N2",25,"OP50","heated",0.743,8,300,"ul","1,5 glass vial",1000,"ul","rockroll",35,NA,20
NA,NA,3,"e","experiment",3,"CE.LIQ.FLOW.062",2020-11-30,"Sergio Reijnders - Ellis Herder",68,"hour",50,77,"91-20-3","naphthalene","1.95E-2","nM","Liquid","controlVehicleA","N2",25,"OP50","heated",0.743,8,300,"ul","1,5 glass vial",1000,"ul","rockroll",35,NA,20
NA,NA,1,"a","experiment",3,"CE.LIQ.FLOW.062",2020-11-30,"Sergio Reijnders - Ellis Herder",68,"hour",50,101,"91-20-3","naphthalene","1.9499999999999999E-3","nM","Liquid","controlVehicleA","N2",25,"OP50","heated",0.743,8,300,"ul","1,5 glass vial",1000,"ul","rockroll",35,NA,20
NA,NA,1,"b","experiment",3,"CE.LIQ.FLOW.062",2020-11-30,"Sergio Reijnders - Ellis Herder",68,"hour",50,84,"91-20-3","naphthalene","1.9499999999999999E-3","nM","Liquid","controlVehicleA","N2",25,"OP50","heated",0.743,8,300,"ul","1,5 glass vial",1000,"ul","rockroll",35,NA,20
NA,NA,1,"c","experiment",3,"CE.LIQ.FLOW.062",2020-11-30,"Sergio Reijnders - Ellis Herder",68,"hour",50,74,"91-20-3","naphthalene","1.9499999999999999E-3","nM","Liquid","controlVehicleA","N2",25,"OP50","heated",0.743,8,300,"ul","1,5 glass vial",1000,"ul","rockroll",35,NA,20
NA,NA,1,"d","experiment",3,"CE.LIQ.FLOW.062",2020-11-30,"Sergio Reijnders - Ellis Herder",68,"hour",50,71,"91-20-3","naphthalene","1.9499999999999999E-3","nM","Liquid","controlVehicleA","N2",25,"OP50","heated",0.743,8,300,"ul","1,5 glass vial",1000,"ul","rockroll",35,NA,20
NA,NA,1,"e","experiment",3,"CE.LIQ.FLOW.062",2020-11-30,"Sergio Reijnders - Ellis Herder",68,"hour",50,90,"91-20-3","naphthalene","1.9499999999999999E-3","nM","Liquid","controlVehicleA","N2",25,"OP50","heated",0.743,8,300,"ul","1,5 glass vial",1000,"ul","rockroll",35,NA,20
NA,NA,2,"a","experiment",3,"CE.LIQ.FLOW.062",2020-11-30,"Sergio Reijnders - Ellis Herder",68,"hour",50,105,"91-20-3","naphthalene","1.9499999999999999E-3","nM","Liquid","controlVehicleA","N2",25,"OP50","heated",0.743,8,300,"ul","1,5 glass vial",1000,"ul","rockroll",35,NA,20
NA,NA,2,"b","experiment",3,"CE.LIQ.FLOW.062",2020-11-30,"Sergio Reijnders - Ellis Herder",68,"hour",50,81,"91-20-3","naphthalene","1.9499999999999999E-3","nM","Liquid","controlVehicleA","N2",25,"OP50","heated",0.743,8,300,"ul","1,5 glass vial",1000,"ul","rockroll",35,NA,20
NA,NA,2,"c","experiment",3,"CE.LIQ.FLOW.062",2020-11-30,"Sergio Reijnders - Ellis Herder",68,"hour",50,104,"91-20-3","naphthalene","1.9499999999999999E-3","nM","Liquid","controlVehicleA","N2",25,"OP50","heated",0.743,8,300,"ul","1,5 glass vial",1000,"ul","rockroll",35,NA,20
NA,NA,2,"d","experiment",3,"CE.LIQ.FLOW.062",2020-11-30,"Sergio Reijnders - Ellis Herder",68,"hour",50,84,"91-20-3","naphthalene","1.9499999999999999E-3","nM","Liquid","controlVehicleA","N2",25,"OP50","heated",0.743,8,300,"ul","1,5 glass vial",1000,"ul","rockroll",35,NA,20
NA,NA,2,"e","experiment",3,"CE.LIQ.FLOW.062",2020-11-30,"Sergio Reijnders - Ellis Herder",68,"hour",50,76,"91-20-3","naphthalene","1.9499999999999999E-3","nM","Liquid","controlVehicleA","N2",25,"OP50","heated",0.743,8,300,"ul","1,5 glass vial",1000,"ul","rockroll",35,NA,20
NA,NA,3,"a","experiment",3,"CE.LIQ.FLOW.062",2020-11-30,"Sergio Reijnders - Ellis Herder",68,"hour",50,96,"91-20-3","naphthalene","1.9499999999999999E-3","nM","Liquid","controlVehicleA","N2",25,"OP50","heated",0.743,8,300,"ul","1,5 glass vial",1000,"ul","rockroll",35,NA,20
NA,NA,3,"b","experiment",3,"CE.LIQ.FLOW.062",2020-11-30,"Sergio Reijnders - Ellis Herder",68,"hour",50,95,"91-20-3","naphthalene","1.9499999999999999E-3","nM","Liquid","controlVehicleA","N2",25,"OP50","heated",0.743,8,300,"ul","1,5 glass vial",1000,"ul","rockroll",35,NA,20
NA,NA,3,"c","experiment",3,"CE.LIQ.FLOW.062",2020-11-30,"Sergio Reijnders - Ellis Herder",68,"hour",50,96,"91-20-3","naphthalene","1.9499999999999999E-3","nM","Liquid","controlVehicleA","N2",25,"OP50","heated",0.743,8,300,"ul","1,5 glass vial",1000,"ul","rockroll",35,NA,20
NA,NA,3,"d","experiment",3,"CE.LIQ.FLOW.062",2020-11-30,"Sergio Reijnders - Ellis Herder",68,"hour",50,79,"91-20-3","naphthalene","1.9499999999999999E-3","nM","Liquid","controlVehicleA","N2",25,"OP50","heated",0.743,8,300,"ul","1,5 glass vial",1000,"ul","rockroll",35,NA,20
NA,NA,3,"e","experiment",3,"CE.LIQ.FLOW.062",2020-11-30,"Sergio Reijnders - Ellis Herder",68,"hour",50,104,"91-20-3","naphthalene","1.9499999999999999E-3","nM","Liquid","controlVehicleA","N2",25,"OP50","heated",0.743,8,300,"ul","1,5 glass vial",1000,"ul","rockroll",35,NA,20
NA,NA,1,"a","experiment",3,"CE.LIQ.FLOW.062",2020-11-30,"Sergio Reijnders - Ellis Herder",68,"hour",50,78,"91-20-3","naphthalene","1.95E-4","nM","Liquid","controlVehicleA","N2",25,"OP50","heated",0.743,8,300,"ul","1,5 glass vial",1000,"ul","rockroll",35,NA,20
NA,NA,1,"b","experiment",3,"CE.LIQ.FLOW.062",2020-11-30,"Sergio Reijnders - Ellis Herder",68,"hour",50,93,"91-20-3","naphthalene","1.95E-4","nM","Liquid","controlVehicleA","N2",25,"OP50","heated",0.743,8,300,"ul","1,5 glass vial",1000,"ul","rockroll",35,NA,20
NA,NA,1,"c","experiment",3,"CE.LIQ.FLOW.062",2020-11-30,"Sergio Reijnders - Ellis Herder",68,"hour",50,78,"91-20-3","naphthalene","1.95E-4","nM","Liquid","controlVehicleA","N2",25,"OP50","heated",0.743,8,300,"ul","1,5 glass vial",1000,"ul","rockroll",35,NA,20
NA,NA,1,"d","experiment",3,"CE.LIQ.FLOW.062",2020-11-30,"Sergio Reijnders - Ellis Herder",68,"hour",50,70,"91-20-3","naphthalene","0,000195","nM","Liquid","controlVehicleA","N2",25,"OP50","heated",0.743,8,300,"ul","1,5 glass vial",1000,"ul","rockroll",35,NA,20
NA,NA,1,"e","experiment",3,"CE.LIQ.FLOW.062",2020-11-30,"Sergio Reijnders - Ellis Herder",68,"hour",50,76,"91-20-3","naphthalene","1.95E-4","nM","Liquid","controlVehicleA","N2",25,"OP50","heated",0.743,8,300,"ul","1,5 glass vial",1000,"ul","rockroll",35,NA,20
NA,NA,2,"a","experiment",3,"CE.LIQ.FLOW.062",2020-11-30,"Sergio Reijnders - Ellis Herder",68,"hour",50,67,"91-20-3","naphthalene","1.95E-4","nM","Liquid","controlVehicleA","N2",25,"OP50","heated",0.743,8,300,"ul","1,5 glass vial",1000,"ul","rockroll",35,NA,20
NA,NA,2,"b","experiment",3,"CE.LIQ.FLOW.062",2020-11-30,"Sergio Reijnders - Ellis Herder",68,"hour",50,64,"91-20-3","naphthalene","1.95E-4","nM","Liquid","controlVehicleA","N2",25,"OP50","heated",0.743,8,300,"ul","1,5 glass vial",1000,"ul","rockroll",35,NA,20
NA,NA,2,"c","experiment",3,"CE.LIQ.FLOW.062",2020-11-30,"Sergio Reijnders - Ellis Herder",68,"hour",50,92,"91-20-3","naphthalene","1.95E-4","nM","Liquid","controlVehicleA","N2",25,"OP50","heated",0.743,8,300,"ul","1,5 glass vial",1000,"ul","rockroll",35,NA,20
NA,NA,2,"d","experiment",3,"CE.LIQ.FLOW.062",2020-11-30,"Sergio Reijnders - Ellis Herder",68,"hour",50,76,"91-20-3","naphthalene","1.95E-4","nM","Liquid","controlVehicleA","N2",25,"OP50","heated",0.743,8,300,"ul","1,5 glass vial",1000,"ul","rockroll",35,NA,20
NA,NA,2,"e","experiment",3,"CE.LIQ.FLOW.062",2020-11-30,"Sergio Reijnders - Ellis Herder",68,"hour",50,67,"91-20-3","naphthalene","1.95E-4","nM","Liquid","controlVehicleA","N2",25,"OP50","heated",0.743,8,300,"ul","1,5 glass vial",1000,"ul","rockroll",35,NA,20
NA,NA,3,"a","experiment",3,"CE.LIQ.FLOW.062",2020-11-30,"Sergio Reijnders - Ellis Herder",68,"hour",50,62,"91-20-3","naphthalene","1.95E-4","nM","Liquid","controlVehicleA","N2",25,"OP50","heated",0.743,8,300,"ul","1,5 glass vial",1000,"ul","rockroll",35,NA,20
NA,NA,3,"b","experiment",3,"CE.LIQ.FLOW.062",2020-11-30,"Sergio Reijnders - Ellis Herder",68,"hour",50,69,"91-20-3","naphthalene","1.95E-4","nM","Liquid","controlVehicleA","N2",25,"OP50","heated",0.743,8,300,"ul","1,5 glass vial",1000,"ul","rockroll",35,NA,20
NA,NA,3,"c","experiment",3,"CE.LIQ.FLOW.062",2020-11-30,"Sergio Reijnders - Ellis Herder",68,"hour",50,58,"91-20-3","naphthalene","1.95E-4","nM","Liquid","controlVehicleA","N2",25,"OP50","heated",0.743,8,300,"ul","1,5 glass vial",1000,"ul","rockroll",35,NA,20
NA,NA,3,"d","experiment",3,"CE.LIQ.FLOW.062",2020-11-30,"Sergio Reijnders - Ellis Herder",68,"hour",50,63,"91-20-3","naphthalene","1.95E-4","nM","Liquid","controlVehicleA","N2",25,"OP50","heated",0.743,8,300,"ul","1,5 glass vial",1000,"ul","rockroll",35,NA,20
NA,NA,3,"e","experiment",3,"CE.LIQ.FLOW.062",2020-11-30,"Sergio Reijnders - Ellis Herder",68,"hour",50,55,"91-20-3","naphthalene","1.95E-4","nM","Liquid","controlVehicleA","N2",25,"OP50","heated",0.743,8,300,"ul","1,5 glass vial",1000,"ul","rockroll",35,NA,20
NA,NA,1,"a","controlPositive",6,"CE.LIQ.FLOW.062",2020-11-30,"Sergio Reijnders - Ellis Herder",68,"hour",50,54,"64-17-5","Ethanol","1.5","pct","Liquid","controlNegative","N2",25,"OP50","heated",0.743,8,300,"ul","1,5 glass vial",1000,"ul","rockroll",35,NA,20
NA,NA,1,"b","controlPositive",6,"CE.LIQ.FLOW.062",2020-11-30,"Sergio Reijnders - Ellis Herder",68,"hour",50,63,"64-17-5","Ethanol","1.5","pct","Liquid","controlNegative","N2",25,"OP50","heated",0.743,8,300,"ul","1,5 glass vial",1000,"ul","rockroll",35,NA,20
NA,NA,1,"c","controlPositive",6,"CE.LIQ.FLOW.062",2020-11-30,"Sergio Reijnders - Ellis Herder",68,"hour",50,54,"64-17-5","Ethanol","1.5","pct","Liquid","controlNegative","N2",25,"OP50","heated",0.743,8,300,"ul","1,5 glass vial",1000,"ul","rockroll",35,NA,20
NA,NA,1,"d","controlPositive",6,"CE.LIQ.FLOW.062",2020-11-30,"Sergio Reijnders - Ellis Herder",68,"hour",50,71,"64-17-5","Ethanol","1.5","pct","Liquid","controlNegative","N2",25,"OP50","heated",0.743,8,300,"ul","1,5 glass vial",1000,"ul","rockroll",35,NA,20
NA,NA,1,"e","controlPositive",6,"CE.LIQ.FLOW.062",2020-11-30,"Sergio Reijnders - Ellis Herder",68,"hour",50,53,"64-17-5","Ethanol","1.5","pct","Liquid","controlNegative","N2",25,"OP50","heated",0.743,8,300,"ul","1,5 glass vial",1000,"ul","rockroll",35,NA,20
NA,NA,2,"a","controlPositive",6,"CE.LIQ.FLOW.062",2020-11-30,"Sergio Reijnders - Ellis Herder",68,"hour",50,58,"64-17-5","Ethanol","1.5","pct","Liquid","controlNegative","N2",25,"OP50","heated",0.743,8,300,"ul","1,5 glass vial",1000,"ul","rockroll",35,NA,20
NA,NA,2,"b","controlPositive",6,"CE.LIQ.FLOW.062",2020-11-30,"Sergio Reijnders - Ellis Herder",68,"hour",50,60,"64-17-5","Ethanol","1.5","pct","Liquid","controlNegative","N2",25,"OP50","heated",0.743,8,300,"ul","1,5 glass vial",1000,"ul","rockroll",35,NA,20
NA,NA,2,"c","controlPositive",6,"CE.LIQ.FLOW.062",2020-11-30,"Sergio Reijnders - Ellis Herder",68,"hour",50,48,"64-17-5","Ethanol","1.5","pct","Liquid","controlNegative","N2",25,"OP50","heated",0.743,8,300,"ul","1,5 glass vial",1000,"ul","rockroll",35,NA,20
NA,NA,2,"d","controlPositive",6,"CE.LIQ.FLOW.062",2020-11-30,"Sergio Reijnders - Ellis Herder",68,"hour",50,53,"64-17-5","Ethanol","1.5","pct","Liquid","controlNegative","N2",25,"OP50","heated",0.743,8,300,"ul","1,5 glass vial",1000,"ul","rockroll",35,NA,20
NA,NA,2,"e","controlPositive",6,"CE.LIQ.FLOW.062",2020-11-30,"Sergio Reijnders - Ellis Herder",68,"hour",50,60,"64-17-5","Ethanol","1.5","pct","Liquid","controlNegative","N2",25,"OP50","heated",0.743,8,300,"ul","1,5 glass vial",1000,"ul","rockroll",35,NA,20
NA,NA,3,"a","controlPositive",6,"CE.LIQ.FLOW.062",2020-11-30,"Sergio Reijnders - Ellis Herder",68,"hour",50,42,"64-17-5","Ethanol","1.5","pct","Liquid","controlNegative","N2",25,"OP50","heated",0.743,8,300,"ul","1,5 glass vial",1000,"ul","rockroll",35,NA,20
NA,NA,3,"b","controlPositive",6,"CE.LIQ.FLOW.062",2020-11-30,"Sergio Reijnders - Ellis Herder",68,"hour",50,38,"64-17-5","Ethanol","1.5","pct","Liquid","controlNegative","N2",25,"OP50","heated",0.743,8,300,"ul","1,5 glass vial",1000,"ul","rockroll",35,NA,20
NA,NA,3,"c","controlPositive",6,"CE.LIQ.FLOW.062",2020-11-30,"Sergio Reijnders - Ellis Herder",68,"hour",50,36,"64-17-5","Ethanol","1.5","pct","Liquid","controlNegative","N2",25,"OP50","heated",0.743,8,300,"ul","1,5 glass vial",1000,"ul","rockroll",35,NA,20
NA,NA,3,"d","controlPositive",6,"CE.LIQ.FLOW.062",2020-11-30,"Sergio Reijnders - Ellis Herder",68,"hour",50,42,"64-17-5","Ethanol","1.5","pct","Liquid","controlNegative","N2",25,"OP50","heated",0.743,8,300,"ul","1,5 glass vial",1000,"ul","rockroll",35,NA,20
NA,NA,3,"e","controlPositive",6,"CE.LIQ.FLOW.062",2020-11-30,"Sergio Reijnders - Ellis Herder",68,"hour",50,35,"64-17-5","Ethanol","1.5","pct","Liquid","controlNegative","N2",25,"OP50","heated",0.743,8,300,"ul","1,5 glass vial",1000,"ul","rockroll",35,NA,20
NA,NA,4,"a","controlPositive",6,"CE.LIQ.FLOW.062",2020-11-30,"Sergio Reijnders - Ellis Herder",68,"hour",50,65,"64-17-5","Ethanol","1.5","pct","Liquid","controlNegative","N2",25,"OP50","heated",0.743,8,300,"ul","1,5 glass vial",1000,"ul","rockroll",35,NA,20
NA,NA,4,"b","controlPositive",6,"CE.LIQ.FLOW.062",2020-11-30,"Sergio Reijnders - Ellis Herder",68,"hour",50,49,"64-17-5","Ethanol","1.5","pct","Liquid","controlNegative","N2",25,"OP50","heated",0.743,8,300,"ul","1,5 glass vial",1000,"ul","rockroll",35,NA,20
NA,NA,4,"c","controlPositive",6,"CE.LIQ.FLOW.062",2020-11-30,"Sergio Reijnders - Ellis Herder",68,"hour",50,48,"64-17-5","Ethanol","1.5","pct","Liquid","controlNegative","N2",25,"OP50","heated",0.743,8,300,"ul","1,5 glass vial",1000,"ul","rockroll",35,NA,20
NA,NA,4,"d","controlPositive",6,"CE.LIQ.FLOW.062",2020-11-30,"Sergio Reijnders - Ellis Herder",68,"hour",50,50,"64-17-5","Ethanol","1.5","pct","Liquid","controlNegative","N2",25,"OP50","heated",0.743,8,300,"ul","1,5 glass vial",1000,"ul","rockroll",35,NA,20
NA,NA,4,"e","controlPositive",6,"CE.LIQ.FLOW.062",2020-11-30,"Sergio Reijnders - Ellis Herder",68,"hour",50,54,"64-17-5","Ethanol","1.5","pct","Liquid","controlNegative","N2",25,"OP50","heated",0.743,8,300,"ul","1,5 glass vial",1000,"ul","rockroll",35,NA,20
NA,NA,5,"a","controlPositive",6,"CE.LIQ.FLOW.062",2020-11-30,"Sergio Reijnders - Ellis Herder",68,"hour",50,51,"64-17-5","Ethanol","1.5","pct","Liquid","controlNegative","N2",25,"OP50","heated",0.743,8,300,"ul","1,5 glass vial",1000,"ul","rockroll",35,NA,20
NA,NA,5,"b","controlPositive",6,"CE.LIQ.FLOW.062",2020-11-30,"Sergio Reijnders - Ellis Herder",68,"hour",50,43,"64-17-5","Ethanol","1.5","pct","Liquid","controlNegative","N2",25,"OP50","heated",0.743,8,300,"ul","1,5 glass vial",1000,"ul","rockroll",35,NA,20
NA,NA,5,"c","controlPositive",6,"CE.LIQ.FLOW.062",2020-11-30,"Sergio Reijnders - Ellis Herder",68,"hour",50,45,"64-17-5","Ethanol","1.5","pct","Liquid","controlNegative","N2",25,"OP50","heated",0.743,8,300,"ul","1,5 glass vial",1000,"ul","rockroll",35,NA,20
NA,NA,5,"d","controlPositive",6,"CE.LIQ.FLOW.062",2020-11-30,"Sergio Reijnders - Ellis Herder",68,"hour",50,55,"64-17-5","Ethanol","1.5","pct","Liquid","controlNegative","N2",25,"OP50","heated",0.743,8,300,"ul","1,5 glass vial",1000,"ul","rockroll",35,NA,20
NA,NA,5,"e","controlPositive",6,"CE.LIQ.FLOW.062",2020-11-30,"Sergio Reijnders - Ellis Herder",68,"hour",50,45,"64-17-5","Ethanol","1.5","pct","Liquid","controlNegative","N2",25,"OP50","heated",0.743,8,300,"ul","1,5 glass vial",1000,"ul","rockroll",35,NA,20
NA,NA,6,"a","controlPositive",6,"CE.LIQ.FLOW.062",2020-11-30,"Sergio Reijnders - Ellis Herder",68,"hour",50,50,"64-17-5","Ethanol","1.5","pct","Liquid","controlNegative","N2",25,"OP50","heated",0.743,8,300,"ul","1,5 glass vial",1000,"ul","rockroll",35,NA,20
NA,NA,6,"b","controlPositive",6,"CE.LIQ.FLOW.062",2020-11-30,"Sergio Reijnders - Ellis Herder",68,"hour",50,46,"64-17-5","Ethanol","1.5","pct","Liquid","controlNegative","N2",25,"OP50","heated",0.743,8,300,"ul","1,5 glass vial",1000,"ul","rockroll",35,NA,20
NA,NA,6,"c","controlPositive",6,"CE.LIQ.FLOW.062",2020-11-30,"Sergio Reijnders - Ellis Herder",68,"hour",50,39,"64-17-5","Ethanol","1.5","pct","Liquid","controlNegative","N2",25,"OP50","heated",0.743,8,300,"ul","1,5 glass vial",1000,"ul","rockroll",35,NA,20
NA,NA,6,"d","controlPositive",6,"CE.LIQ.FLOW.062",2020-11-30,"Sergio Reijnders - Ellis Herder",68,"hour",50,45,"64-17-5","Ethanol","1.5","pct","Liquid","controlNegative","N2",25,"OP50","heated",0.743,8,300,"ul","1,5 glass vial",1000,"ul","rockroll",35,NA,20
NA,NA,6,"e","controlPositive",6,"CE.LIQ.FLOW.062",2020-11-30,"Sergio Reijnders - Ellis Herder",68,"hour",50,30,"64-17-5","Ethanol","1.5","pct","Liquid","controlNegative","N2",25,"OP50","heated",0.743,8,300,"ul","1,5 glass vial",1000,"ul","rockroll",35,NA,20
NA,NA,1,"a","controlNegative",6,"CE.LIQ.FLOW.062",2020-11-30,"Sergio Reijnders - Ellis Herder",68,"hour",50,92,"S-medium","S-medium","0","pct","Liquid","controlNegative","N2",25,"OP50","heated",0.743,8,300,"ul","1,5 glass vial",1000,"ul","rockroll",35,NA,20
NA,NA,1,"b","controlNegative",6,"CE.LIQ.FLOW.062",2020-11-30,"Sergio Reijnders - Ellis Herder",68,"hour",50,101,"S-medium","S-medium","0","pct","Liquid","controlNegative","N2",25,"OP50","heated",0.743,8,300,"ul","1,5 glass vial",1000,"ul","rockroll",35,NA,20
NA,NA,1,"c","controlNegative",6,"CE.LIQ.FLOW.062",2020-11-30,"Sergio Reijnders - Ellis Herder",68,"hour",50,106,"S-medium","S-medium","0","pct","Liquid","controlNegative","N2",25,"OP50","heated",0.743,8,300,"ul","1,5 glass vial",1000,"ul","rockroll",35,NA,20
NA,NA,1,"d","controlNegative",6,"CE.LIQ.FLOW.062",2020-11-30,"Sergio Reijnders - Ellis Herder",68,"hour",50,104,"S-medium","S-medium","0","pct","Liquid","controlNegative","N2",25,"OP50","heated",0.743,8,300,"ul","1,5 glass vial",1000,"ul","rockroll",35,NA,20
NA,NA,1,"e","controlNegative",6,"CE.LIQ.FLOW.062",2020-11-30,"Sergio Reijnders - Ellis Herder",68,"hour",50,93,"S-medium","S-medium","0","pct","Liquid","controlNegative","N2",25,"OP50","heated",0.743,8,300,"ul","1,5 glass vial",1000,"ul","rockroll",35,NA,20
NA,NA,2,"a","controlNegative",6,"CE.LIQ.FLOW.062",2020-11-30,"Sergio Reijnders - Ellis Herder",68,"hour",50,73,"S-medium","S-medium","0","pct","Liquid","controlNegative","N2",25,"OP50","heated",0.743,8,300,"ul","1,5 glass vial",1000,"ul","rockroll",35,NA,20
NA,NA,2,"b","controlNegative",6,"CE.LIQ.FLOW.062",2020-11-30,"Sergio Reijnders - Ellis Herder",68,"hour",50,94,"S-medium","S-medium","0","pct","Liquid","controlNegative","N2",25,"OP50","heated",0.743,8,300,"ul","1,5 glass vial",1000,"ul","rockroll",35,NA,20
NA,NA,2,"c","controlNegative",6,"CE.LIQ.FLOW.062",2020-11-30,"Sergio Reijnders - Ellis Herder",68,"hour",50,104,"S-medium","S-medium","0","pct","Liquid","controlNegative","N2",25,"OP50","heated",0.743,8,300,"ul","1,5 glass vial",1000,"ul","rockroll",35,NA,20
NA,NA,2,"d","controlNegative",6,"CE.LIQ.FLOW.062",2020-11-30,"Sergio Reijnders - Ellis Herder",68,"hour",50,78,"S-medium","S-medium","0","pct","Liquid","controlNegative","N2",25,"OP50","heated",0.743,8,300,"ul","1,5 glass vial",1000,"ul","rockroll",35,NA,20
NA,NA,2,"e","controlNegative",6,"CE.LIQ.FLOW.062",2020-11-30,"Sergio Reijnders - Ellis Herder",68,"hour",50,103,"S-medium","S-medium","0","pct","Liquid","controlNegative","N2",25,"OP50","heated",0.743,8,300,"ul","1,5 glass vial",1000,"ul","rockroll",35,NA,20
NA,NA,3,"a","controlNegative",6,"CE.LIQ.FLOW.062",2020-11-30,"Sergio Reijnders - Ellis Herder",68,"hour",50,63,"S-medium","S-medium","0","pct","Liquid","controlNegative","N2",25,"OP50","heated",0.743,8,300,"ul","1,5 glass vial",1000,"ul","rockroll",35,NA,20
NA,NA,3,"b","controlNegative",6,"CE.LIQ.FLOW.062",2020-11-30,"Sergio Reijnders - Ellis Herder",68,"hour",50,85,"S-medium","S-medium","0","pct","Liquid","controlNegative","N2",25,"OP50","heated",0.743,8,300,"ul","1,5 glass vial",1000,"ul","rockroll",35,NA,20
NA,NA,3,"c","controlNegative",6,"CE.LIQ.FLOW.062",2020-11-30,"Sergio Reijnders - Ellis Herder",68,"hour",50,62,"S-medium","S-medium","0","pct","Liquid","controlNegative","N2",25,"OP50","heated",0.743,8,300,"ul","1,5 glass vial",1000,"ul","rockroll",35,NA,20
NA,NA,3,"d","controlNegative",6,"CE.LIQ.FLOW.062",2020-11-30,"Sergio Reijnders - Ellis Herder",68,"hour",50,75,"S-medium","S-medium","0","pct","Liquid","controlNegative","N2",25,"OP50","heated",0.743,8,300,"ul","1,5 glass vial",1000,"ul","rockroll",35,NA,20
NA,NA,3,"e","controlNegative",6,"CE.LIQ.FLOW.062",2020-11-30,"Sergio Reijnders - Ellis Herder",68,"hour",50,82,"S-medium","S-medium","0","pct","Liquid","controlNegative","N2",25,"OP50","heated",0.743,8,300,"ul","1,5 glass vial",1000,"ul","rockroll",35,NA,20
NA,NA,4,"a","controlNegative",6,"CE.LIQ.FLOW.062",2020-11-30,"Sergio Reijnders - Ellis Herder",68,"hour",50,88,"S-medium","S-medium","0","pct","Liquid","controlNegative","N2",25,"OP50","heated",0.743,8,300,"ul","1,5 glass vial",1000,"ul","rockroll",35,NA,20
NA,NA,4,"b","controlNegative",6,"CE.LIQ.FLOW.062",2020-11-30,"Sergio Reijnders - Ellis Herder",68,"hour",50,85,"S-medium","S-medium","0","pct","Liquid","controlNegative","N2",25,"OP50","heated",0.743,8,300,"ul","1,5 glass vial",1000,"ul","rockroll",35,NA,20
NA,NA,4,"c","controlNegative",6,"CE.LIQ.FLOW.062",2020-11-30,"Sergio Reijnders - Ellis Herder",68,"hour",50,67,"S-medium","S-medium","0","pct","Liquid","controlNegative","N2",25,"OP50","heated",0.743,8,300,"ul","1,5 glass vial",1000,"ul","rockroll",35,NA,20
NA,NA,4,"d","controlNegative",6,"CE.LIQ.FLOW.062",2020-11-30,"Sergio Reijnders - Ellis Herder",68,"hour",50,65,"S-medium","S-medium","0","pct","Liquid","controlNegative","N2",25,"OP50","heated",0.743,8,300,"ul","1,5 glass vial",1000,"ul","rockroll",35,NA,20
NA,NA,4,"e","controlNegative",6,"CE.LIQ.FLOW.062",2020-11-30,"Sergio Reijnders - Ellis Herder",68,"hour",50,81,"S-medium","S-medium","0","pct","Liquid","controlNegative","N2",25,"OP50","heated",0.743,8,300,"ul","1,5 glass vial",1000,"ul","rockroll",35,NA,20
NA,NA,5,"a","controlNegative",6,"CE.LIQ.FLOW.062",2020-11-30,"Sergio Reijnders - Ellis Herder",68,"hour",50,85,"S-medium","S-medium","0","pct","Liquid","controlNegative","N2",25,"OP50","heated",0.743,8,300,"ul","1,5 glass vial",1000,"ul","rockroll",35,NA,20
NA,NA,5,"b","controlNegative",6,"CE.LIQ.FLOW.062",2020-11-30,"Sergio Reijnders - Ellis Herder",68,"hour",50,83,"S-medium","S-medium","0","pct","Liquid","controlNegative","N2",25,"OP50","heated",0.743,8,300,"ul","1,5 glass vial",1000,"ul","rockroll",35,NA,20
NA,NA,5,"c","controlNegative",6,"CE.LIQ.FLOW.062",2020-11-30,"Sergio Reijnders - Ellis Herder",68,"hour",50,74,"S-medium","S-medium","0","pct","Liquid","controlNegative","N2",25,"OP50","heated",0.743,8,300,"ul","1,5 glass vial",1000,"ul","rockroll",35,NA,20
NA,NA,5,"d","controlNegative",6,"CE.LIQ.FLOW.062",2020-11-30,"Sergio Reijnders - Ellis Herder",68,"hour",50,75,"S-medium","S-medium","0","pct","Liquid","controlNegative","N2",25,"OP50","heated",0.743,8,300,"ul","1,5 glass vial",1000,"ul","rockroll",35,NA,20
NA,NA,5,"e","controlNegative",6,"CE.LIQ.FLOW.062",2020-11-30,"Sergio Reijnders - Ellis Herder",68,"hour",50,85,"S-medium","S-medium","0","pct","Liquid","controlNegative","N2",25,"OP50","heated",0.743,8,300,"ul","1,5 glass vial",1000,"ul","rockroll",35,NA,20
NA,NA,6,"a","controlNegative",6,"CE.LIQ.FLOW.062",2020-11-30,"Sergio Reijnders - Ellis Herder",68,"hour",50,95,"S-medium","S-medium","0","pct","Liquid","controlNegative","N2",25,"OP50","heated",0.743,8,300,"ul","1,5 glass vial",1000,"ul","rockroll",35,NA,20
NA,NA,6,"b","controlNegative",6,"CE.LIQ.FLOW.062",2020-11-30,"Sergio Reijnders - Ellis Herder",68,"hour",50,99,"S-medium","S-medium","0","pct","Liquid","controlNegative","N2",25,"OP50","heated",0.743,8,300,"ul","1,5 glass vial",1000,"ul","rockroll",35,NA,20
NA,NA,6,"c","controlNegative",6,"CE.LIQ.FLOW.062",2020-11-30,"Sergio Reijnders - Ellis Herder",68,"hour",50,100,"S-medium","S-medium","0","pct","Liquid","controlNegative","N2",25,"OP50","heated",0.743,8,300,"ul","1,5 glass vial",1000,"ul","rockroll",35,NA,20
NA,NA,6,"d","controlNegative",6,"CE.LIQ.FLOW.062",2020-11-30,"Sergio Reijnders - Ellis Herder",68,"hour",50,98,"S-medium","S-medium","0","pct","Liquid","controlNegative","N2",25,"OP50","heated",0.743,8,300,"ul","1,5 glass vial",1000,"ul","rockroll",35,NA,20
NA,NA,6,"e","controlNegative",6,"CE.LIQ.FLOW.062",2020-11-30,"Sergio Reijnders - Ellis Herder",68,"hour",50,82,"S-medium","S-medium","0","pct","Liquid","controlNegative","N2",25,"OP50","heated",0.743,8,300,"ul","1,5 glass vial",1000,"ul","rockroll",35,NA,20
NA,NA,1,"a","controlVehicleA",6,"CE.LIQ.FLOW.062",2020-11-30,"Sergio Reijnders - Ellis Herder",68,"hour",50,73,"64-17-5","Ethanol","0.5","pct","Liquid","controlNegative","N2",25,"OP50","heated",0.743,8,300,"ul","1,5 glass vial",1000,"ul","rockroll",35,NA,20
NA,NA,1,"b","controlVehicleA",6,"CE.LIQ.FLOW.062",2020-11-30,"Sergio Reijnders - Ellis Herder",68,"hour",50,74,"64-17-5","Ethanol","0.5","pct","Liquid","controlNegative","N2",25,"OP50","heated",0.743,8,300,"ul","1,5 glass vial",1000,"ul","rockroll",35,NA,20
NA,NA,1,"c","controlVehicleA",6,"CE.LIQ.FLOW.062",2020-11-30,"Sergio Reijnders - Ellis Herder",68,"hour",50,75,"64-17-5","Ethanol","0.5","pct","Liquid","controlNegative","N2",25,"OP50","heated",0.743,8,300,"ul","1,5 glass vial",1000,"ul","rockroll",35,NA,20
NA,NA,1,"d","controlVehicleA",6,"CE.LIQ.FLOW.062",2020-11-30,"Sergio Reijnders - Ellis Herder",68,"hour",50,65,"64-17-5","Ethanol","0.5","pct","Liquid","controlNegative","N2",25,"OP50","heated",0.743,8,300,"ul","1,5 glass vial",1000,"ul","rockroll",35,NA,20
NA,NA,1,"e","controlVehicleA",6,"CE.LIQ.FLOW.062",2020-11-30,"Sergio Reijnders - Ellis Herder",68,"hour",50,83,"64-17-5","Ethanol","0.5","pct","Liquid","controlNegative","N2",25,"OP50","heated",0.743,8,300,"ul","1,5 glass vial",1000,"ul","rockroll",35,NA,20
NA,NA,2,"a","controlVehicleA",6,"CE.LIQ.FLOW.062",2020-11-30,"Sergio Reijnders - Ellis Herder",68,"hour",50,107,"64-17-5","Ethanol","0.5","pct","Liquid","controlNegative","N2",25,"OP50","heated",0.743,8,300,"ul","1,5 glass vial",1000,"ul","rockroll",35,NA,20
NA,NA,2,"b","controlVehicleA",6,"CE.LIQ.FLOW.062",2020-11-30,"Sergio Reijnders - Ellis Herder",68,"hour",50,93,"64-17-5","Ethanol","0.5","pct","Liquid","controlNegative","N2",25,"OP50","heated",0.743,8,300,"ul","1,5 glass vial",1000,"ul","rockroll",35,NA,20
NA,NA,2,"c","controlVehicleA",6,"CE.LIQ.FLOW.062",2020-11-30,"Sergio Reijnders - Ellis Herder",68,"hour",50,86,"64-17-5","Ethanol","0.5","pct","Liquid","controlNegative","N2",25,"OP50","heated",0.743,8,300,"ul","1,5 glass vial",1000,"ul","rockroll",35,NA,20
NA,NA,2,"d","controlVehicleA",6,"CE.LIQ.FLOW.062",2020-11-30,"Sergio Reijnders - Ellis Herder",68,"hour",50,99,"64-17-5","Ethanol","0.5","pct","Liquid","controlNegative","N2",25,"OP50","heated",0.743,8,300,"ul","1,5 glass vial",1000,"ul","rockroll",35,NA,20
NA,NA,2,"e","controlVehicleA",6,"CE.LIQ.FLOW.062",2020-11-30,"Sergio Reijnders - Ellis Herder",68,"hour",50,81,"64-17-5","Ethanol","0.5","pct","Liquid","controlNegative","N2",25,"OP50","heated",0.743,8,300,"ul","1,5 glass vial",1000,"ul","rockroll",35,NA,20
NA,NA,3,"a","controlVehicleA",6,"CE.LIQ.FLOW.062",2020-11-30,"Sergio Reijnders - Ellis Herder",68,"hour",50,108,"64-17-5","Ethanol","0.5","pct","Liquid","controlNegative","N2",25,"OP50","heated",0.743,8,300,"ul","1,5 glass vial",1000,"ul","rockroll",35,NA,20
NA,NA,3,"b","controlVehicleA",6,"CE.LIQ.FLOW.062",2020-11-30,"Sergio Reijnders - Ellis Herder",68,"hour",50,92,"64-17-5","Ethanol","0.5","pct","Liquid","controlNegative","N2",25,"OP50","heated",0.743,8,300,"ul","1,5 glass vial",1000,"ul","rockroll",35,NA,20
NA,NA,3,"c","controlVehicleA",6,"CE.LIQ.FLOW.062",2020-11-30,"Sergio Reijnders - Ellis Herder",68,"hour",50,88,"64-17-5","Ethanol","0.5","pct","Liquid","controlNegative","N2",25,"OP50","heated",0.743,8,300,"ul","1,5 glass vial",1000,"ul","rockroll",35,NA,20
NA,NA,3,"d","controlVehicleA",6,"CE.LIQ.FLOW.062",2020-11-30,"Sergio Reijnders - Ellis Herder",68,"hour",50,107,"64-17-5","Ethanol","0.5","pct","Liquid","controlNegative","N2",25,"OP50","heated",0.743,8,300,"ul","1,5 glass vial",1000,"ul","rockroll",35,NA,20
NA,NA,3,"e","controlVehicleA",6,"CE.LIQ.FLOW.062",2020-11-30,"Sergio Reijnders - Ellis Herder",68,"hour",50,87,"64-17-5","Ethanol","0.5","pct","Liquid","controlNegative","N2",25,"OP50","heated",0.743,8,300,"ul","1,5 glass vial",1000,"ul","rockroll",35,NA,20
NA,NA,4,"a","controlVehicleA",6,"CE.LIQ.FLOW.062",2020-11-30,"Sergio Reijnders - Ellis Herder",68,"hour",50,95,"64-17-5","Ethanol","0.5","pct","Liquid","controlNegative","N2",25,"OP50","heated",0.743,8,300,"ul","1,5 glass vial",1000,"ul","rockroll",35,NA,20
NA,NA,4,"b","controlVehicleA",6,"CE.LIQ.FLOW.062",2020-11-30,"Sergio Reijnders - Ellis Herder",68,"hour",50,98,"64-17-5","Ethanol","0.5","pct","Liquid","controlNegative","N2",25,"OP50","heated",0.743,8,300,"ul","1,5 glass vial",1000,"ul","rockroll",35,NA,20
NA,NA,4,"c","controlVehicleA",6,"CE.LIQ.FLOW.062",2020-11-30,"Sergio Reijnders - Ellis Herder",68,"hour",50,77,"64-17-5","Ethanol","0.5","pct","Liquid","controlNegative","N2",25,"OP50","heated",0.743,8,300,"ul","1,5 glass vial",1000,"ul","rockroll",35,NA,20
NA,NA,4,"d","controlVehicleA",6,"CE.LIQ.FLOW.062",2020-11-30,"Sergio Reijnders - Ellis Herder",68,"hour",50,80,"64-17-5","Ethanol","0.5","pct","Liquid","controlNegative","N2",25,"OP50","heated",0.743,8,300,"ul","1,5 glass vial",1000,"ul","rockroll",35,NA,20
NA,NA,4,"e","controlVehicleA",6,"CE.LIQ.FLOW.062",2020-11-30,"Sergio Reijnders - Ellis Herder",68,"hour",50,101,"64-17-5","Ethanol","0.5","pct","Liquid","controlNegative","N2",25,"OP50","heated",0.743,8,300,"ul","1,5 glass vial",1000,"ul","rockroll",35,NA,20
NA,NA,5,"a","controlVehicleA",6,"CE.LIQ.FLOW.062",2020-11-30,"Sergio Reijnders - Ellis Herder",68,"hour",50,104,"64-17-5","Ethanol","0.5","pct","Liquid","controlNegative","N2",25,"OP50","heated",0.743,8,300,"ul","1,5 glass vial",1000,"ul","rockroll",35,NA,20
NA,NA,5,"b","controlVehicleA",6,"CE.LIQ.FLOW.062",2020-11-30,"Sergio Reijnders - Ellis Herder",68,"hour",50,103,"64-17-5","Ethanol","0.5","pct","Liquid","controlNegative","N2",25,"OP50","heated",0.743,8,300,"ul","1,5 glass vial",1000,"ul","rockroll",35,NA,20
NA,NA,5,"c","controlVehicleA",6,"CE.LIQ.FLOW.062",2020-11-30,"Sergio Reijnders - Ellis Herder",68,"hour",50,90,"64-17-5","Ethanol","0.5","pct","Liquid","controlNegative","N2",25,"OP50","heated",0.743,8,300,"ul","1,5 glass vial",1000,"ul","rockroll",35,NA,20
NA,NA,5,"d","controlVehicleA",6,"CE.LIQ.FLOW.062",2020-11-30,"Sergio Reijnders - Ellis Herder",68,"hour",50,99,"64-17-5","Ethanol","0.5","pct","Liquid","controlNegative","N2",25,"OP50","heated",0.743,8,300,"ul","1,5 glass vial",1000,"ul","rockroll",35,NA,20
NA,NA,5,"e","controlVehicleA",6,"CE.LIQ.FLOW.062",2020-11-30,"Sergio Reijnders - Ellis Herder",68,"hour",50,104,"64-17-5","Ethanol","0.5","pct","Liquid","controlNegative","N2",25,"OP50","heated",0.743,8,300,"ul","1,5 glass vial",1000,"ul","rockroll",35,NA,20
NA,NA,6,"a","controlVehicleA",6,"CE.LIQ.FLOW.062",2020-11-30,"Sergio Reijnders - Ellis Herder",68,"hour",50,107,"64-17-5","Ethanol","0.5","pct","Liquid","controlNegative","N2",25,"OP50","heated",0.743,8,300,"ul","1,5 glass vial",1000,"ul","rockroll",35,NA,20
NA,NA,6,"b","controlVehicleA",6,"CE.LIQ.FLOW.062",2020-11-30,"Sergio Reijnders - Ellis Herder",68,"hour",50,87,"64-17-5","Ethanol","0.5","pct","Liquid","controlNegative","N2",25,"OP50","heated",0.743,8,300,"ul","1,5 glass vial",1000,"ul","rockroll",35,NA,20
NA,NA,6,"c","controlVehicleA",6,"CE.LIQ.FLOW.062",2020-11-30,"Sergio Reijnders - Ellis Herder",68,"hour",50,92,"64-17-5","Ethanol","0.5","pct","Liquid","controlNegative","N2",25,"OP50","heated",0.743,8,300,"ul","1,5 glass vial",1000,"ul","rockroll",35,NA,20
NA,NA,6,"d","controlVehicleA",6,"CE.LIQ.FLOW.062",2020-11-30,"Sergio Reijnders - Ellis Herder",68,"hour",50,97,"64-17-5","Ethanol","0.5","pct","Liquid","controlNegative","N2",25,"OP50","heated",0.743,8,300,"ul","1,5 glass vial",1000,"ul","rockroll",35,NA,20
NA,NA,6,"e","controlVehicleA",6,"CE.LIQ.FLOW.062",2020-11-30,"Sergio Reijnders - Ellis Herder",68,"hour",50,103,"64-17-5","Ethanol","0.5","pct","Liquid","controlNegative","N2",25,"OP50","heated",0.743,8,300,"ul","1,5 glass vial",1000,"ul","rockroll",35,NA,20
